image_name,id,race
58-FaceId-0_align.jpg,m.06wsq0,0
67-FaceId-0_align.jpg,m.06wsq0,0
31-FaceId-0_align.jpg,m.06wsq0,0
22-FaceId-0_align.jpg,m.06wsq0,0
66-FaceId-0_align.jpg,m.06wsq0,0
8-FaceId-0_align.jpg,m.06wsq0,0
103-FaceId-0_align.jpg,m.06wsq0,0
97-FaceId-0_align.jpg,m.06wsq0,0
88-FaceId-0_align.jpg,m.06wsq0,0
61-FaceId-0_align.jpg,m.06wsq0,0
27-FaceId-0_align.jpg,m.06wsq0,0
13-FaceId-0_align.jpg,m.06wsq0,0
69-FaceId-0_align.jpg,m.06wsq0,0
2-FaceId-0_align.jpg,m.06wsq0,0
98-FaceId-0_align.jpg,m.06wsq0,0
55-FaceId-0_align.jpg,m.06wsq0,0
76-FaceId-0_align.jpg,m.06wsq0,0
44-FaceId-1_align.jpg,m.06wsq0,0
78-FaceId-0_align.jpg,m.06wsq0,0
9-FaceId-0_align.jpg,m.06wsq0,0
96-FaceId-0_align.jpg,m.06wsq0,0
34-FaceId-0_align.jpg,m.06wsq0,0
106-FaceId-0_align.jpg,m.06wsq0,0
16-FaceId-0_align.jpg,m.06wsq0,0
74-FaceId-0_align.jpg,m.06wsq0,0
15-FaceId-0_align.jpg,m.06wsq0,0
77-FaceId-0_align.jpg,m.06wsq0,0
35-FaceId-0_align.jpg,m.06wsq0,0
89-FaceId-0_align.jpg,m.06wsq0,0
39-FaceId-0_align.jpg,m.06wsq0,0
17-FaceId-0_align.jpg,m.06wsq0,0
51-FaceId-0_align.jpg,m.06wsq0,0
6-FaceId-0_align.jpg,m.06wsq0,0
32-FaceId-0_align.jpg,m.06wsq0,0
43-FaceId-0_align.jpg,m.06wsq0,0
20-FaceId-0_align.jpg,m.06wsq0,0
7-FaceId-0_align.jpg,m.06wsq0,0
12-FaceId-1_align.jpg,m.06wsq0,0
54-FaceId-0_align.jpg,m.06wsq0,0
82-FaceId-0_align.jpg,m.06wsq0,0
28-FaceId-0_align.jpg,m.06wsq0,0
71-FaceId-0_align.jpg,m.06wsq0,0
4-FaceId-0_align.jpg,m.06wsq0,0
95-FaceId-0_align.jpg,m.06wsq0,0
18-FaceId-0_align.jpg,m.06wsq0,0
48-FaceId-0_align.jpg,m.06wsq0,0
79-FaceId-0_align.jpg,m.06wsq0,0
75-FaceId-0_align.jpg,m.06wsq0,0
50-FaceId-0_align.jpg,m.06wsq0,0
84-FaceId-0_align.jpg,m.06wsq0,0
47-FaceId-0_align.jpg,m.06wsq0,0
42-FaceId-0_align.jpg,m.06wsq0,0
33-FaceId-0_align.jpg,m.06wsq0,0
26-FaceId-0_align.jpg,m.06wsq0,0
93-FaceId-0_align.jpg,m.06wsq0,0
38-FaceId-0_align.jpg,m.06wsq0,0
81-FaceId-0_align.jpg,m.06wsq0,0
60-FaceId-0_align.jpg,m.06wsq0,0
87-FaceId-0_align.jpg,m.06wsq0,0
29-FaceId-0_align.jpg,m.06wsq0,0
2-FaceId-0_align.jpg,m.0b3lw8,0
99-FaceId-0_align.jpg,m.0b3lw8,0
23-FaceId-0_align.jpg,m.0b3lw8,0
58-FaceId-0_align.jpg,m.0b3lw8,0
117-FaceId-0_align.jpg,m.0b3lw8,0
0-FaceId-0_align.jpg,m.0b3lw8,0
26-FaceId-0_align.jpg,m.0b3lw8,0
96-FaceId-0_align.jpg,m.0b3lw8,0
7-FaceId-0_align.jpg,m.0b3lw8,0
6-FaceId-0_align.jpg,m.0b3lw8,0
45-FaceId-0_align.jpg,m.0b3lw8,0
88-FaceId-0_align.jpg,m.0b3lw8,0
91-FaceId-0_align.jpg,m.0b3lw8,0
24-FaceId-1_align.jpg,m.0b3lw8,0
60-FaceId-0_align.jpg,m.0b3lw8,0
21-FaceId-1_align.jpg,m.0b3lw8,0
12-FaceId-0_align.jpg,m.0b3lw8,0
94-FaceId-0_align.jpg,m.0b3lw8,0
18-FaceId-0_align.jpg,m.0b3lw8,0
31-FaceId-0_align.jpg,m.0b3lw8,0
25-FaceId-0_align.jpg,m.0b3lw8,0
47-FaceId-0_align.jpg,m.0b3lw8,0
40-FaceId-0_align.jpg,m.0b3lw8,0
5-FaceId-1_align.jpg,m.0b3lw8,0
69-FaceId-0_align.jpg,m.0b3lw8,0
30-FaceId-0_align.jpg,m.0b3lw8,0
67-FaceId-0_align.jpg,m.0b3lw8,0
98-FaceId-0_align.jpg,m.0b3lw8,0
9-FaceId-0_align.jpg,m.0b3lw8,0
111-FaceId-0_align.jpg,m.0b3lw8,0
93-FaceId-0_align.jpg,m.0b3lw8,0
78-FaceId-0_align.jpg,m.0b3lw8,0
79-FaceId-0_align.jpg,m.0b3lw8,0
92-FaceId-0_align.jpg,m.0b3lw8,0
46-FaceId-0_align.jpg,m.0b3lw8,0
14-FaceId-0_align.jpg,m.0b3lw8,0
48-FaceId-0_align.jpg,m.0b3lw8,0
13-FaceId-0_align.jpg,m.0b3lw8,0
110-FaceId-0_align.jpg,m.0b3lw8,0
16-FaceId-0_align.jpg,m.0b3lw8,0
55-FaceId-0_align.jpg,m.0b3lw8,0
56-FaceId-0_align.jpg,m.0b3lw8,0
84-FaceId-0_align.jpg,m.0b3lw8,0
27-FaceId-0_align.jpg,m.0b3lw8,0
42-FaceId-0_align.jpg,m.0b3lw8,0
86-FaceId-0_align.jpg,m.0b3lw8,0
66-FaceId-0_align.jpg,m.0b3lw8,0
8-FaceId-0_align.jpg,m.0b3lw8,0
54-FaceId-0_align.jpg,m.0b3lw8,0
33-FaceId-0_align.jpg,m.0b3lw8,0
9-FaceId-1_align.jpg,m.0b3lw8,0
44-FaceId-0_align.jpg,m.0b3lw8,0
34-FaceId-0_align.jpg,m.0b3lw8,0
43-FaceId-0_align.jpg,m.0b3lw8,0
82-FaceId-0_align.jpg,m.0b3lw8,0
97-FaceId-0_align.jpg,m.0b3lw8,0
116-FaceId-0_align.jpg,m.0b3lw8,0
19-FaceId-0_align.jpg,m.0b3lw8,0
36-FaceId-0_align.jpg,m.0b3lw8,0
100-FaceId-0_align.jpg,m.0b3lw8,0
54-FaceId-0_align.jpg,m.02z5x3r,0
102-FaceId-0_align.jpg,m.02z5x3r,0
67-FaceId-0_align.jpg,m.02z5x3r,0
37-FaceId-0_align.jpg,m.02z5x3r,0
61-FaceId-0_align.jpg,m.02z5x3r,0
27-FaceId-0_align.jpg,m.02z5x3r,0
97-FaceId-0_align.jpg,m.02z5x3r,0
68-FaceId-0_align.jpg,m.02z5x3r,0
84-FaceId-0_align.jpg,m.02z5x3r,0
22-FaceId-0_align.jpg,m.02z5x3r,0
5-FaceId-0_align.jpg,m.02z5x3r,0
69-FaceId-0_align.jpg,m.02z5x3r,0
100-FaceId-0_align.jpg,m.02z5x3r,0
79-FaceId-0_align.jpg,m.02z5x3r,0
60-FaceId-0_align.jpg,m.02z5x3r,0
45-FaceId-0_align.jpg,m.02z5x3r,0
10-FaceId-0_align.jpg,m.02z5x3r,0
38-FaceId-0_align.jpg,m.02z5x3r,0
15-FaceId-0_align.jpg,m.02z5x3r,0
36-FaceId-0_align.jpg,m.02z5x3r,0
94-FaceId-0_align.jpg,m.02z5x3r,0
53-FaceId-0_align.jpg,m.02z5x3r,0
89-FaceId-0_align.jpg,m.02z5x3r,0
8-FaceId-0_align.jpg,m.02z5x3r,0
114-FaceId-0_align.jpg,m.02z5x3r,0
86-FaceId-0_align.jpg,m.02z5x3r,0
58-FaceId-0_align.jpg,m.02z5x3r,0
66-FaceId-0_align.jpg,m.02z5x3r,0
111-FaceId-0_align.jpg,m.02z5x3r,0
17-FaceId-0_align.jpg,m.02z5x3r,0
80-FaceId-0_align.jpg,m.02z5x3r,0
95-FaceId-0_align.jpg,m.02z5x3r,0
31-FaceId-0_align.jpg,m.02z5x3r,0
88-FaceId-0_align.jpg,m.02z5x3r,0
105-FaceId-0_align.jpg,m.02z5x3r,0
77-FaceId-0_align.jpg,m.02z5x3r,0
96-FaceId-0_align.jpg,m.02z5x3r,0
29-FaceId-0_align.jpg,m.02z5x3r,0
83-FaceId-0_align.jpg,m.02z5x3r,0
87-FaceId-0_align.jpg,m.02z5x3r,0
76-FaceId-0_align.jpg,m.02z5x3r,0
72-FaceId-0_align.jpg,m.02z5x3r,0
101-FaceId-0_align.jpg,m.02z5x3r,0
4-FaceId-0_align.jpg,m.02z5x3r,0
52-FaceId-0_align.jpg,m.02z5x3r,0
56-FaceId-0_align.jpg,m.02z5x3r,0
21-FaceId-0_align.jpg,m.02z5x3r,0
9-FaceId-0_align.jpg,m.02z5x3r,0
73-FaceId-0_align.jpg,m.02z5x3r,0
23-FaceId-0_align.jpg,m.02z5x3r,0
16-FaceId-0_align.jpg,m.02z5x3r,0
26-FaceId-0_align.jpg,m.02z5x3r,0
85-FaceId-0_align.jpg,m.02z5x3r,0
71-FaceId-0_align.jpg,m.02z5x3r,0
49-FaceId-0_align.jpg,m.02z5x3r,0
93-FaceId-0_align.jpg,m.02z5x3r,0
81-FaceId-0_align.jpg,m.02z5x3r,0
78-FaceId-0_align.jpg,m.02z5x3r,0
24-FaceId-0_align.jpg,m.02z5x3r,0
48-FaceId-0_align.jpg,m.02z5x3r,0
40-FaceId-0_align.jpg,m.0glp7lf,0
103-FaceId-0_align.jpg,m.0glp7lf,0
62-FaceId-0_align.jpg,m.0glp7lf,0
53-FaceId-0_align.jpg,m.0glp7lf,0
31-FaceId-0_align.jpg,m.0glp7lf,0
35-FaceId-0_align.jpg,m.0glp7lf,0
7-FaceId-0_align.jpg,m.0glp7lf,0
12-FaceId-0_align.jpg,m.0glp7lf,0
71-FaceId-1_align.jpg,m.0glp7lf,0
98-FaceId-0_align.jpg,m.0glp7lf,0
17-FaceId-0_align.jpg,m.0glp7lf,0
32-FaceId-0_align.jpg,m.0glp7lf,0
90-FaceId-0_align.jpg,m.0glp7lf,0
1-FaceId-0_align.jpg,m.0glp7lf,0
45-FaceId-0_align.jpg,m.0glp7lf,0
26-FaceId-0_align.jpg,m.0glp7lf,0
89-FaceId-0_align.jpg,m.0glp7lf,0
19-FaceId-0_align.jpg,m.0glp7lf,0
10-FaceId-0_align.jpg,m.0glp7lf,0
97-FaceId-0_align.jpg,m.0glp7lf,0
52-FaceId-0_align.jpg,m.0glp7lf,0
93-FaceId-0_align.jpg,m.0glp7lf,0
21-FaceId-0_align.jpg,m.0glp7lf,0
46-FaceId-0_align.jpg,m.0glp7lf,0
39-FaceId-0_align.jpg,m.0glp7lf,0
60-FaceId-0_align.jpg,m.0glp7lf,0
5-FaceId-0_align.jpg,m.0glp7lf,0
3-FaceId-0_align.jpg,m.0glp7lf,0
66-FaceId-0_align.jpg,m.0glp7lf,0
30-FaceId-0_align.jpg,m.0glp7lf,0
14-FaceId-0_align.jpg,m.0glp7lf,0
68-FaceId-0_align.jpg,m.0glp7lf,0
79-FaceId-0_align.jpg,m.0glp7lf,0
69-FaceId-0_align.jpg,m.0glp7lf,0
37-FaceId-0_align.jpg,m.0glp7lf,0
18-FaceId-0_align.jpg,m.0glp7lf,0
22-FaceId-0_align.jpg,m.0glp7lf,0
48-FaceId-0_align.jpg,m.0glp7lf,0
63-FaceId-0_align.jpg,m.0glp7lf,0
6-FaceId-0_align.jpg,m.0glp7lf,0
16-FaceId-0_align.jpg,m.0glp7lf,0
4-FaceId-0_align.jpg,m.0glp7lf,0
80-FaceId-0_align.jpg,m.0glp7lf,0
2-FaceId-0_align.jpg,m.0glp7lf,0
24-FaceId-0_align.jpg,m.0glp7lf,0
84-FaceId-0_align.jpg,m.0glp7lf,0
23-FaceId-0_align.jpg,m.0glp7lf,0
65-FaceId-0_align.jpg,m.0glp7lf,0
8-FaceId-0_align.jpg,m.0glp7lf,0
54-FaceId-0_align.jpg,m.0glp7lf,0
95-FaceId-0_align.jpg,m.0glp7lf,0
41-FaceId-0_align.jpg,m.0glp7lf,0
81-FaceId-0_align.jpg,m.0glp7lf,0
91-FaceId-0_align.jpg,m.0glp7lf,0
85-FaceId-0_align.jpg,m.0glp7lf,0
57-FaceId-0_align.jpg,m.0glp7lf,0
94-FaceId-0_align.jpg,m.0glp7lf,0
15-FaceId-0_align.jpg,m.0glp7lf,0
61-FaceId-0_align.jpg,m.0glp7lf,0
9-FaceId-0_align.jpg,m.0glp7lf,0
90-FaceId-0_align.jpg,m.0dx9h5,0
14-FaceId-0_align.jpg,m.0dx9h5,0
23-FaceId-0_align.jpg,m.0dx9h5,0
40-FaceId-0_align.jpg,m.0dx9h5,0
62-FaceId-0_align.jpg,m.0dx9h5,0
67-FaceId-0_align.jpg,m.0dx9h5,0
92-FaceId-0_align.jpg,m.0dx9h5,0
69-FaceId-0_align.jpg,m.0dx9h5,0
97-FaceId-0_align.jpg,m.0dx9h5,0
74-FaceId-0_align.jpg,m.0dx9h5,0
113-FaceId-0_align.jpg,m.0dx9h5,0
118-FaceId-0_align.jpg,m.0dx9h5,0
13-FaceId-0_align.jpg,m.0dx9h5,0
55-FaceId-0_align.jpg,m.0dx9h5,0
51-FaceId-0_align.jpg,m.0dx9h5,0
72-FaceId-0_align.jpg,m.0dx9h5,0
71-FaceId-0_align.jpg,m.0dx9h5,0
39-FaceId-0_align.jpg,m.0dx9h5,0
59-FaceId-0_align.jpg,m.0dx9h5,0
28-FaceId-0_align.jpg,m.0dx9h5,0
87-FaceId-0_align.jpg,m.0dx9h5,0
115-FaceId-1_align.jpg,m.0dx9h5,0
60-FaceId-0_align.jpg,m.0dx9h5,0
34-FaceId-0_align.jpg,m.0dx9h5,0
29-FaceId-0_align.jpg,m.0dx9h5,0
32-FaceId-0_align.jpg,m.0dx9h5,0
9-FaceId-0_align.jpg,m.0dx9h5,0
48-FaceId-0_align.jpg,m.0dx9h5,0
24-FaceId-0_align.jpg,m.0dx9h5,0
80-FaceId-0_align.jpg,m.0dx9h5,0
94-FaceId-0_align.jpg,m.0dx9h5,0
85-FaceId-0_align.jpg,m.0dx9h5,0
42-FaceId-0_align.jpg,m.0dx9h5,0
95-FaceId-0_align.jpg,m.0dx9h5,0
35-FaceId-0_align.jpg,m.0dx9h5,0
82-FaceId-0_align.jpg,m.0dx9h5,0
12-FaceId-0_align.jpg,m.0dx9h5,0
50-FaceId-0_align.jpg,m.0dx9h5,0
81-FaceId-0_align.jpg,m.0dx9h5,0
31-FaceId-0_align.jpg,m.0dx9h5,0
8-FaceId-0_align.jpg,m.0dx9h5,0
91-FaceId-0_align.jpg,m.0dx9h5,0
111-FaceId-0_align.jpg,m.0dx9h5,0
33-FaceId-0_align.jpg,m.0dx9h5,0
19-FaceId-0_align.jpg,m.0dx9h5,0
38-FaceId-0_align.jpg,m.0dx9h5,0
41-FaceId-0_align.jpg,m.0dx9h5,0
117-FaceId-0_align.jpg,m.0dx9h5,0
11-FaceId-0_align.jpg,m.0dx9h5,0
1-FaceId-0_align.jpg,m.0dx9h5,0
54-FaceId-0_align.jpg,m.0dx9h5,0
52-FaceId-0_align.jpg,m.0dx9h5,0
3-FaceId-0_align.jpg,m.0dx9h5,0
21-FaceId-0_align.jpg,m.0dx9h5,0
76-FaceId-0_align.jpg,m.0dx9h5,0
49-FaceId-0_align.jpg,m.0dx9h5,0
110-FaceId-0_align.jpg,m.0dx9h5,0
75-FaceId-0_align.jpg,m.0dx9h5,0
43-FaceId-0_align.jpg,m.0dx9h5,0
5-FaceId-0_align.jpg,m.0dx9h5,0
109-FaceId-0_align.jpg,m.0288y2k,0
7-FaceId-0_align.jpg,m.0288y2k,0
115-FaceId-0_align.jpg,m.0288y2k,0
40-FaceId-0_align.jpg,m.0288y2k,0
112-FaceId-0_align.jpg,m.0288y2k,0
39-FaceId-0_align.jpg,m.0288y2k,0
64-FaceId-0_align.jpg,m.0288y2k,0
28-FaceId-0_align.jpg,m.0288y2k,0
94-FaceId-0_align.jpg,m.0288y2k,0
74-FaceId-0_align.jpg,m.0288y2k,0
73-FaceId-0_align.jpg,m.0288y2k,0
124-FaceId-0_align.jpg,m.0288y2k,0
123-FaceId-0_align.jpg,m.0288y2k,0
15-FaceId-0_align.jpg,m.0288y2k,0
32-FaceId-0_align.jpg,m.0288y2k,0
84-FaceId-0_align.jpg,m.0288y2k,0
101-FaceId-0_align.jpg,m.0288y2k,0
34-FaceId-0_align.jpg,m.0288y2k,0
58-FaceId-0_align.jpg,m.0288y2k,0
116-FaceId-0_align.jpg,m.0288y2k,0
87-FaceId-0_align.jpg,m.0288y2k,0
90-FaceId-0_align.jpg,m.0288y2k,0
100-FaceId-0_align.jpg,m.0288y2k,0
47-FaceId-0_align.jpg,m.0288y2k,0
82-FaceId-0_align.jpg,m.0288y2k,0
97-FaceId-0_align.jpg,m.0288y2k,0
25-FaceId-0_align.jpg,m.0288y2k,0
38-FaceId-0_align.jpg,m.0288y2k,0
29-FaceId-0_align.jpg,m.0288y2k,0
33-FaceId-0_align.jpg,m.0288y2k,0
99-FaceId-0_align.jpg,m.0288y2k,0
35-FaceId-0_align.jpg,m.0288y2k,0
42-FaceId-0_align.jpg,m.0288y2k,0
69-FaceId-0_align.jpg,m.0288y2k,0
36-FaceId-0_align.jpg,m.0288y2k,0
12-FaceId-0_align.jpg,m.0288y2k,0
4-FaceId-0_align.jpg,m.0288y2k,0
49-FaceId-0_align.jpg,m.0288y2k,0
21-FaceId-0_align.jpg,m.0288y2k,0
0-FaceId-0_align.jpg,m.0288y2k,0
57-FaceId-0_align.jpg,m.0288y2k,0
61-FaceId-0_align.jpg,m.0288y2k,0
50-FaceId-0_align.jpg,m.0288y2k,0
107-FaceId-0_align.jpg,m.0288y2k,0
26-FaceId-0_align.jpg,m.0288y2k,0
51-FaceId-0_align.jpg,m.0288y2k,0
19-FaceId-0_align.jpg,m.0288y2k,0
122-FaceId-0_align.jpg,m.0288y2k,0
71-FaceId-0_align.jpg,m.0288y2k,0
54-FaceId-0_align.jpg,m.0288y2k,0
31-FaceId-0_align.jpg,m.0288y2k,0
86-FaceId-0_align.jpg,m.0288y2k,0
89-FaceId-0_align.jpg,m.0288y2k,0
85-FaceId-0_align.jpg,m.0288y2k,0
27-FaceId-0_align.jpg,m.0288y2k,0
63-FaceId-0_align.jpg,m.0288y2k,0
5-FaceId-0_align.jpg,m.0288y2k,0
43-FaceId-0_align.jpg,m.0288y2k,0
8-FaceId-0_align.jpg,m.0288y2k,0
79-FaceId-0_align.jpg,m.0288y2k,0
100-FaceId-0_align.jpg,m.0brzn33,0
63-FaceId-0_align.jpg,m.0brzn33,0
2-FaceId-0_align.jpg,m.0brzn33,0
76-FaceId-0_align.jpg,m.0brzn33,0
115-FaceId-2_align.jpg,m.0brzn33,0
53-FaceId-0_align.jpg,m.0brzn33,0
24-FaceId-0_align.jpg,m.0brzn33,0
14-FaceId-0_align.jpg,m.0brzn33,0
43-FaceId-0_align.jpg,m.0brzn33,0
17-FaceId-0_align.jpg,m.0brzn33,0
93-FaceId-0_align.jpg,m.0brzn33,0
1-FaceId-0_align.jpg,m.0brzn33,0
66-FaceId-0_align.jpg,m.0brzn33,0
7-FaceId-0_align.jpg,m.0brzn33,0
58-FaceId-0_align.jpg,m.0brzn33,0
73-FaceId-2_align.jpg,m.0brzn33,0
21-FaceId-0_align.jpg,m.0brzn33,0
47-FaceId-0_align.jpg,m.0brzn33,0
65-FaceId-0_align.jpg,m.0brzn33,0
12-FaceId-0_align.jpg,m.0brzn33,0
49-FaceId-1_align.jpg,m.0brzn33,0
35-FaceId-1_align.jpg,m.0brzn33,0
31-FaceId-0_align.jpg,m.0brzn33,0
28-FaceId-0_align.jpg,m.0brzn33,0
26-FaceId-0_align.jpg,m.0brzn33,0
81-FaceId-0_align.jpg,m.0brzn33,0
70-FaceId-0_align.jpg,m.0brzn33,0
73-FaceId-0_align.jpg,m.0brzn33,0
13-FaceId-0_align.jpg,m.0brzn33,0
56-FaceId-0_align.jpg,m.0brzn33,0
36-FaceId-0_align.jpg,m.0brzn33,0
6-FaceId-0_align.jpg,m.0brzn33,0
20-FaceId-0_align.jpg,m.0brzn33,0
67-FaceId-0_align.jpg,m.0brzn33,0
79-FaceId-0_align.jpg,m.0brzn33,0
87-FaceId-1_align.jpg,m.0brzn33,0
59-FaceId-0_align.jpg,m.0brzn33,0
25-FaceId-0_align.jpg,m.0brzn33,0
61-FaceId-0_align.jpg,m.0brzn33,0
55-FaceId-0_align.jpg,m.0brzn33,0
10-FaceId-0_align.jpg,m.0brzn33,0
18-FaceId-0_align.jpg,m.0brzn33,0
5-FaceId-0_align.jpg,m.0brzn33,0
4-FaceId-0_align.jpg,m.0brzn33,0
15-FaceId-0_align.jpg,m.0brzn33,0
38-FaceId-0_align.jpg,m.0brzn33,0
42-FaceId-0_align.jpg,m.0brzn33,0
51-FaceId-1_align.jpg,m.0brzn33,0
89-FaceId-0_align.jpg,m.0brzn33,0
33-FaceId-0_align.jpg,m.0brzn33,0
118-FaceId-0_align.jpg,m.0brzn33,0
45-FaceId-0_align.jpg,m.0brzn33,0
37-FaceId-0_align.jpg,m.0brzn33,0
60-FaceId-0_align.jpg,m.0brzn33,0
71-FaceId-0_align.jpg,m.0brzn33,0
54-FaceId-0_align.jpg,m.0brzn33,0
29-FaceId-0_align.jpg,m.0brzn33,0
0-FaceId-0_align.jpg,m.0brzn33,0
16-FaceId-0_align.jpg,m.0brzn33,0
27-FaceId-0_align.jpg,m.0brzn33,0
3-FaceId-0_align.jpg,m.080jn6j,0
62-FaceId-0_align.jpg,m.080jn6j,0
24-FaceId-0_align.jpg,m.080jn6j,0
19-FaceId-0_align.jpg,m.080jn6j,0
51-FaceId-0_align.jpg,m.080jn6j,0
86-FaceId-0_align.jpg,m.080jn6j,0
94-FaceId-0_align.jpg,m.080jn6j,0
101-FaceId-0_align.jpg,m.080jn6j,0
72-FaceId-0_align.jpg,m.080jn6j,0
96-FaceId-0_align.jpg,m.080jn6j,0
88-FaceId-0_align.jpg,m.080jn6j,0
56-FaceId-0_align.jpg,m.080jn6j,0
106-FaceId-0_align.jpg,m.080jn6j,0
53-FaceId-0_align.jpg,m.080jn6j,0
85-FaceId-0_align.jpg,m.080jn6j,0
38-FaceId-0_align.jpg,m.080jn6j,0
37-FaceId-0_align.jpg,m.080jn6j,0
103-FaceId-0_align.jpg,m.080jn6j,0
15-FaceId-0_align.jpg,m.080jn6j,0
0-FaceId-0_align.jpg,m.080jn6j,0
32-FaceId-0_align.jpg,m.080jn6j,0
27-FaceId-0_align.jpg,m.080jn6j,0
79-FaceId-0_align.jpg,m.080jn6j,0
82-FaceId-0_align.jpg,m.080jn6j,0
99-FaceId-0_align.jpg,m.080jn6j,0
23-FaceId-0_align.jpg,m.080jn6j,0
84-FaceId-0_align.jpg,m.080jn6j,0
114-FaceId-0_align.jpg,m.080jn6j,0
44-FaceId-0_align.jpg,m.080jn6j,0
64-FaceId-0_align.jpg,m.080jn6j,0
8-FaceId-0_align.jpg,m.080jn6j,0
45-FaceId-0_align.jpg,m.080jn6j,0
71-FaceId-0_align.jpg,m.080jn6j,0
17-FaceId-0_align.jpg,m.080jn6j,0
59-FaceId-0_align.jpg,m.080jn6j,0
21-FaceId-0_align.jpg,m.080jn6j,0
75-FaceId-0_align.jpg,m.080jn6j,0
25-FaceId-0_align.jpg,m.080jn6j,0
61-FaceId-0_align.jpg,m.080jn6j,0
13-FaceId-0_align.jpg,m.080jn6j,0
57-FaceId-0_align.jpg,m.080jn6j,0
5-FaceId-0_align.jpg,m.080jn6j,0
41-FaceId-0_align.jpg,m.080jn6j,0
39-FaceId-0_align.jpg,m.080jn6j,0
11-FaceId-0_align.jpg,m.080jn6j,0
111-FaceId-0_align.jpg,m.080jn6j,0
69-FaceId-0_align.jpg,m.080jn6j,0
31-FaceId-0_align.jpg,m.080jn6j,0
50-FaceId-0_align.jpg,m.080jn6j,0
42-FaceId-0_align.jpg,m.080jn6j,0
6-FaceId-0_align.jpg,m.080jn6j,0
109-FaceId-0_align.jpg,m.080jn6j,0
63-FaceId-0_align.jpg,m.080jn6j,0
43-FaceId-0_align.jpg,m.080jn6j,0
66-FaceId-0_align.jpg,m.080jn6j,0
83-FaceId-0_align.jpg,m.080jn6j,0
65-FaceId-0_align.jpg,m.080jn6j,0
115-FaceId-0_align.jpg,m.080jn6j,0
20-FaceId-0_align.jpg,m.080jn6j,0
87-FaceId-0_align.jpg,m.080jn6j,0
70-FaceId-0_align.jpg,m.01wpg9q,0
30-FaceId-0_align.jpg,m.01wpg9q,0
2-FaceId-0_align.jpg,m.01wpg9q,0
6-FaceId-0_align.jpg,m.01wpg9q,0
97-FaceId-0_align.jpg,m.01wpg9q,0
8-FaceId-0_align.jpg,m.01wpg9q,0
91-FaceId-0_align.jpg,m.01wpg9q,0
14-FaceId-0_align.jpg,m.01wpg9q,0
69-FaceId-0_align.jpg,m.01wpg9q,0
20-FaceId-0_align.jpg,m.01wpg9q,0
10-FaceId-0_align.jpg,m.01wpg9q,0
87-FaceId-0_align.jpg,m.01wpg9q,0
75-FaceId-0_align.jpg,m.01wpg9q,0
7-FaceId-0_align.jpg,m.01wpg9q,0
33-FaceId-1_align.jpg,m.01wpg9q,0
23-FaceId-0_align.jpg,m.01wpg9q,0
21-FaceId-0_align.jpg,m.01wpg9q,0
39-FaceId-0_align.jpg,m.01wpg9q,0
56-FaceId-0_align.jpg,m.01wpg9q,0
59-FaceId-1_align.jpg,m.01wpg9q,0
51-FaceId-0_align.jpg,m.01wpg9q,0
45-FaceId-0_align.jpg,m.01wpg9q,0
31-FaceId-0_align.jpg,m.01wpg9q,0
28-FaceId-0_align.jpg,m.01wpg9q,0
29-FaceId-0_align.jpg,m.01wpg9q,0
0-FaceId-0_align.jpg,m.01wpg9q,0
108-FaceId-0_align.jpg,m.01wpg9q,0
3-FaceId-0_align.jpg,m.01wpg9q,0
93-FaceId-0_align.jpg,m.01wpg9q,0
55-FaceId-0_align.jpg,m.01wpg9q,0
98-FaceId-0_align.jpg,m.01wpg9q,0
88-FaceId-0_align.jpg,m.01wpg9q,0
67-FaceId-0_align.jpg,m.01wpg9q,0
74-FaceId-0_align.jpg,m.01wpg9q,0
9-FaceId-0_align.jpg,m.01wpg9q,0
92-FaceId-0_align.jpg,m.01wpg9q,0
46-FaceId-0_align.jpg,m.01wpg9q,0
77-FaceId-0_align.jpg,m.01wpg9q,0
48-FaceId-0_align.jpg,m.01wpg9q,0
103-FaceId-0_align.jpg,m.01wpg9q,0
76-FaceId-0_align.jpg,m.01wpg9q,0
78-FaceId-0_align.jpg,m.01wpg9q,0
17-FaceId-0_align.jpg,m.01wpg9q,0
66-FaceId-0_align.jpg,m.01wpg9q,0
38-FaceId-0_align.jpg,m.01wpg9q,0
11-FaceId-0_align.jpg,m.01wpg9q,0
82-FaceId-0_align.jpg,m.01wpg9q,0
42-FaceId-0_align.jpg,m.01wpg9q,0
35-FaceId-1_align.jpg,m.01wpg9q,0
5-FaceId-0_align.jpg,m.01wpg9q,0
26-FaceId-0_align.jpg,m.01wpg9q,0
37-FaceId-0_align.jpg,m.01wpg9q,0
13-FaceId-0_align.jpg,m.01wpg9q,0
12-FaceId-0_align.jpg,m.01wpg9q,0
49-FaceId-0_align.jpg,m.01wpg9q,0
47-FaceId-0_align.jpg,m.01wpg9q,0
43-FaceId-0_align.jpg,m.01wpg9q,0
81-FaceId-0_align.jpg,m.01wpg9q,0
41-FaceId-0_align.jpg,m.01wpg9q,0
68-FaceId-0_align.jpg,m.01wpg9q,0
44-FaceId-0_align.jpg,m.02r33vt,0
62-FaceId-0_align.jpg,m.02r33vt,0
39-FaceId-0_align.jpg,m.02r33vt,0
54-FaceId-0_align.jpg,m.02r33vt,0
14-FaceId-0_align.jpg,m.02r33vt,0
82-FaceId-0_align.jpg,m.02r33vt,0
97-FaceId-0_align.jpg,m.02r33vt,0
15-FaceId-0_align.jpg,m.02r33vt,0
84-FaceId-0_align.jpg,m.02r33vt,0
51-FaceId-0_align.jpg,m.02r33vt,0
16-FaceId-0_align.jpg,m.02r33vt,0
59-FaceId-0_align.jpg,m.02r33vt,0
60-FaceId-0_align.jpg,m.02r33vt,0
104-FaceId-0_align.jpg,m.02r33vt,0
13-FaceId-0_align.jpg,m.02r33vt,0
26-FaceId-0_align.jpg,m.02r33vt,0
53-FaceId-0_align.jpg,m.02r33vt,0
23-FaceId-0_align.jpg,m.02r33vt,0
46-FaceId-0_align.jpg,m.02r33vt,0
55-FaceId-0_align.jpg,m.02r33vt,0
94-FaceId-0_align.jpg,m.02r33vt,0
85-FaceId-0_align.jpg,m.02r33vt,0
89-FaceId-0_align.jpg,m.02r33vt,0
78-FaceId-0_align.jpg,m.02r33vt,0
64-FaceId-0_align.jpg,m.02r33vt,0
50-FaceId-0_align.jpg,m.02r33vt,0
48-FaceId-0_align.jpg,m.02r33vt,0
18-FaceId-0_align.jpg,m.02r33vt,0
1-FaceId-0_align.jpg,m.02r33vt,0
4-FaceId-0_align.jpg,m.02r33vt,0
56-FaceId-0_align.jpg,m.02r33vt,0
88-FaceId-0_align.jpg,m.02r33vt,0
31-FaceId-0_align.jpg,m.02r33vt,0
43-FaceId-0_align.jpg,m.02r33vt,0
6-FaceId-0_align.jpg,m.02r33vt,0
7-FaceId-0_align.jpg,m.02r33vt,0
33-FaceId-0_align.jpg,m.02r33vt,0
24-FaceId-0_align.jpg,m.02r33vt,0
45-FaceId-0_align.jpg,m.02r33vt,0
22-FaceId-0_align.jpg,m.02r33vt,0
90-FaceId-0_align.jpg,m.02r33vt,0
72-FaceId-0_align.jpg,m.02r33vt,0
71-FaceId-0_align.jpg,m.02r33vt,0
9-FaceId-0_align.jpg,m.02r33vt,0
52-FaceId-0_align.jpg,m.02r33vt,0
58-FaceId-1_align.jpg,m.02r33vt,0
21-FaceId-0_align.jpg,m.02r33vt,0
69-FaceId-0_align.jpg,m.02r33vt,0
63-FaceId-0_align.jpg,m.02r33vt,0
96-FaceId-0_align.jpg,m.02r33vt,0
75-FaceId-0_align.jpg,m.02r33vt,0
8-FaceId-0_align.jpg,m.02r33vt,0
20-FaceId-0_align.jpg,m.02r33vt,0
12-FaceId-0_align.jpg,m.02r33vt,0
29-FaceId-0_align.jpg,m.02r33vt,0
93-FaceId-0_align.jpg,m.02r33vt,0
47-FaceId-0_align.jpg,m.02r33vt,0
5-FaceId-0_align.jpg,m.02r33vt,0
34-FaceId-0_align.jpg,m.02r33vt,0
83-FaceId-0_align.jpg,m.02r33vt,0
000042_00@en.jpg,m.088_1c,1
000072_00@en.jpg,m.088_1c,1
000062_00@en.jpg,m.088_1c,1
000131_00@en.jpg,m.088_1c,1
000034_00@en.jpg,m.088_1c,1
000030_00@en.jpg,m.088_1c,1
000035_00@en.jpg,m.088_1c,1
000026_00@en.jpg,m.088_1c,1
000102_00@en.jpg,m.088_1c,1
000060_00@en.jpg,m.088_1c,1
000053_00@en.jpg,m.088_1c,1
000083_01@en.jpg,m.088_1c,1
000014_00@en.jpg,m.088_1c,1
000016_00@en.jpg,m.088_1c,1
000067_03@en.jpg,m.088_1c,1
000129_00@en.jpg,m.088_1c,1
000022_00@en.jpg,m.088_1c,1
000004_00@en.jpg,m.088_1c,1
000070_00@en.jpg,m.088_1c,1
000037_00@en.jpg,m.088_1c,1
000118_00@en.jpg,m.088_1c,1
000006_00@en.jpg,m.088_1c,1
000032_00@en.jpg,m.088_1c,1
000078_00@en.jpg,m.088_1c,1
000079_00@en.jpg,m.088_1c,1
000110_00@en.jpg,m.088_1c,1
000074_00@en.jpg,m.088_1c,1
000090_00@en.jpg,m.088_1c,1
000098_00@en.jpg,m.088_1c,1
000009_00@en.jpg,m.088_1c,1
000028_00@en.jpg,m.088_1c,1
000018_00@en.jpg,m.088_1c,1
000062_01@en.jpg,m.088_1c,1
000020_00@en.jpg,m.088_1c,1
000110_01@en.jpg,m.088_1c,1
000123_00@en.jpg,m.088_1c,1
000113_00@en.jpg,m.088_1c,1
000019_00@en.jpg,m.088_1c,1
000124_00@en.jpg,m.088_1c,1
000075_00@en.jpg,m.088_1c,1
000000_00@en.jpg,m.088_1c,1
000036_00@en.jpg,m.088_1c,1
000059_01@en.jpg,m.088_1c,1
000007_00@en.jpg,m.088_1c,1
000047_00@en.jpg,m.088_1c,1
000088_00@en.jpg,m.088_1c,1
000135_00@en.jpg,m.088_1c,1
000024_00@en.jpg,m.088_1c,1
000027_00@en.jpg,m.088_1c,1
000108_00@en.jpg,m.088_1c,1
000056_01@en.jpg,m.088_1c,1
000087_00@en.jpg,m.088_1c,1
000046_00@en.jpg,m.088_1c,1
000001_00@en.jpg,m.088_1c,1
000013_01@en.jpg,m.088_1c,1
000112_04@en.jpg,m.088_1c,1
000092_00@en.jpg,m.088_1c,1
000136_00@en.jpg,m.088_1c,1
000005_00@en.jpg,m.088_1c,1
000008_00@en.jpg,m.088_1c,1
69-FaceId-0_align.jpg,m.02qy58j,1
117-FaceId-0_align.jpg,m.02qy58j,1
78-FaceId-0_align.jpg,m.02qy58j,1
38-FaceId-0_align.jpg,m.02qy58j,1
62-FaceId-0_align.jpg,m.02qy58j,1
39-FaceId-0_align.jpg,m.02qy58j,1
104-FaceId-0_align.jpg,m.02qy58j,1
116-FaceId-0_align.jpg,m.02qy58j,1
94-FaceId-0_align.jpg,m.02qy58j,1
74-FaceId-0_align.jpg,m.02qy58j,1
46-FaceId-1_align.jpg,m.02qy58j,1
37-FaceId-0_align.jpg,m.02qy58j,1
88-FaceId-0_align.jpg,m.02qy58j,1
106-FaceId-0_align.jpg,m.02qy58j,1
41-FaceId-0_align.jpg,m.02qy58j,1
84-FaceId-0_align.jpg,m.02qy58j,1
101-FaceId-0_align.jpg,m.02qy58j,1
24-FaceId-0_align.jpg,m.02qy58j,1
93-FaceId-0_align.jpg,m.02qy58j,1
76-FaceId-0_align.jpg,m.02qy58j,1
12-FaceId-0_align.jpg,m.02qy58j,1
25-FaceId-0_align.jpg,m.02qy58j,1
33-FaceId-0_align.jpg,m.02qy58j,1
29-FaceId-0_align.jpg,m.02qy58j,1
44-FaceId-0_align.jpg,m.02qy58j,1
51-FaceId-0_align.jpg,m.02qy58j,1
18-FaceId-0_align.jpg,m.02qy58j,1
98-FaceId-1_align.jpg,m.02qy58j,1
49-FaceId-0_align.jpg,m.02qy58j,1
96-FaceId-0_align.jpg,m.02qy58j,1
52-FaceId-0_align.jpg,m.02qy58j,1
28-FaceId-0_align.jpg,m.02qy58j,1
42-FaceId-0_align.jpg,m.02qy58j,1
98-FaceId-2_align.jpg,m.02qy58j,1
36-FaceId-0_align.jpg,m.02qy58j,1
71-FaceId-0_align.jpg,m.02qy58j,1
4-FaceId-0_align.jpg,m.02qy58j,1
54-FaceId-0_align.jpg,m.02qy58j,1
21-FaceId-0_align.jpg,m.02qy58j,1
60-FaceId-0_align.jpg,m.02qy58j,1
57-FaceId-0_align.jpg,m.02qy58j,1
61-FaceId-0_align.jpg,m.02qy58j,1
40-FaceId-0_align.jpg,m.02qy58j,1
91-FaceId-0_align.jpg,m.02qy58j,1
26-FaceId-0_align.jpg,m.02qy58j,1
22-FaceId-0_align.jpg,m.02qy58j,1
67-FaceId-0_align.jpg,m.02qy58j,1
72-FaceId-0_align.jpg,m.02qy58j,1
111-FaceId-0_align.jpg,m.02qy58j,1
109-FaceId-0_align.jpg,m.02qy58j,1
99-FaceId-0_align.jpg,m.02qy58j,1
35-FaceId-0_align.jpg,m.02qy58j,1
89-FaceId-0_align.jpg,m.02qy58j,1
85-FaceId-0_align.jpg,m.02qy58j,1
92-FaceId-0_align.jpg,m.02qy58j,1
98-FaceId-0_align.jpg,m.02qy58j,1
115-FaceId-0_align.jpg,m.02qy58j,1
43-FaceId-0_align.jpg,m.02qy58j,1
8-FaceId-0_align.jpg,m.02qy58j,1
79-FaceId-0_align.jpg,m.02qy58j,1
70-FaceId-0_align.jpg,m.06zljgt,1
50-FaceId-0_align.jpg,m.06zljgt,1
56-FaceId-0_align.jpg,m.06zljgt,1
20-FaceId-0_align.jpg,m.06zljgt,1
82-FaceId-0_align.jpg,m.06zljgt,1
60-FaceId-0_align.jpg,m.06zljgt,1
80-FaceId-0_align.jpg,m.06zljgt,1
104-FaceId-0_align.jpg,m.06zljgt,1
62-FaceId-0_align.jpg,m.06zljgt,1
97-FaceId-0_align.jpg,m.06zljgt,1
15-FaceId-0_align.jpg,m.06zljgt,1
34-FaceId-0_align.jpg,m.06zljgt,1
111-FaceId-0_align.jpg,m.06zljgt,1
42-FaceId-0_align.jpg,m.06zljgt,1
24-FaceId-0_align.jpg,m.06zljgt,1
19-FaceId-0_align.jpg,m.06zljgt,1
51-FaceId-0_align.jpg,m.06zljgt,1
14-FaceId-0_align.jpg,m.06zljgt,1
58-FaceId-0_align.jpg,m.06zljgt,1
10-FaceId-0_align.jpg,m.06zljgt,1
64-FaceId-0_align.jpg,m.06zljgt,1
25-FaceId-0_align.jpg,m.06zljgt,1
22-FaceId-0_align.jpg,m.06zljgt,1
28-FaceId-0_align.jpg,m.06zljgt,1
53-FaceId-0_align.jpg,m.06zljgt,1
52-FaceId-0_align.jpg,m.06zljgt,1
92-FaceId-0_align.jpg,m.06zljgt,1
32-FaceId-0_align.jpg,m.06zljgt,1
79-FaceId-0_align.jpg,m.06zljgt,1
45-FaceId-0_align.jpg,m.06zljgt,1
67-FaceId-0_align.jpg,m.06zljgt,1
35-FaceId-0_align.jpg,m.06zljgt,1
90-FaceId-0_align.jpg,m.06zljgt,1
89-FaceId-0_align.jpg,m.06zljgt,1
114-FaceId-0_align.jpg,m.06zljgt,1
17-FaceId-0_align.jpg,m.06zljgt,1
27-FaceId-0_align.jpg,m.06zljgt,1
87-FaceId-0_align.jpg,m.06zljgt,1
74-FaceId-0_align.jpg,m.06zljgt,1
49-FaceId-0_align.jpg,m.06zljgt,1
31-FaceId-0_align.jpg,m.06zljgt,1
95-FaceId-0_align.jpg,m.06zljgt,1
107-FaceId-0_align.jpg,m.06zljgt,1
101-FaceId-0_align.jpg,m.06zljgt,1
100-FaceId-0_align.jpg,m.06zljgt,1
117-FaceId-0_align.jpg,m.06zljgt,1
30-FaceId-0_align.jpg,m.06zljgt,1
54-FaceId-1_align.jpg,m.06zljgt,1
102-FaceId-1_align.jpg,m.06zljgt,1
84-FaceId-0_align.jpg,m.06zljgt,1
1-FaceId-0_align.jpg,m.06zljgt,1
59-FaceId-0_align.jpg,m.06zljgt,1
99-FaceId-0_align.jpg,m.06zljgt,1
40-FaceId-0_align.jpg,m.06zljgt,1
21-FaceId-0_align.jpg,m.06zljgt,1
106-FaceId-0_align.jpg,m.06zljgt,1
44-FaceId-0_align.jpg,m.06zljgt,1
3-FaceId-0_align.jpg,m.06zljgt,1
8-FaceId-0_align.jpg,m.06zljgt,1
43-FaceId-0_align.jpg,m.06zljgt,1
24-FaceId-0_align.jpg,m.0b6g7sb,1
66-FaceId-0_align.jpg,m.0b6g7sb,1
75-FaceId-0_align.jpg,m.0b6g7sb,1
9-FaceId-0_align.jpg,m.0b6g7sb,1
64-FaceId-0_align.jpg,m.0b6g7sb,1
59-FaceId-0_align.jpg,m.0b6g7sb,1
113-FaceId-0_align.jpg,m.0b6g7sb,1
114-FaceId-0_align.jpg,m.0b6g7sb,1
94-FaceId-0_align.jpg,m.0b6g7sb,1
62-FaceId-0_align.jpg,m.0b6g7sb,1
111-FaceId-0_align.jpg,m.0b6g7sb,1
47-FaceId-0_align.jpg,m.0b6g7sb,1
98-FaceId-0_align.jpg,m.0b6g7sb,1
100-FaceId-0_align.jpg,m.0b6g7sb,1
80-FaceId-0_align.jpg,m.0b6g7sb,1
72-FaceId-0_align.jpg,m.0b6g7sb,1
35-FaceId-0_align.jpg,m.0b6g7sb,1
81-FaceId-0_align.jpg,m.0b6g7sb,1
32-FaceId-0_align.jpg,m.0b6g7sb,1
107-FaceId-0_align.jpg,m.0b6g7sb,1
88-FaceId-0_align.jpg,m.0b6g7sb,1
48-FaceId-0_align.jpg,m.0b6g7sb,1
14-FaceId-0_align.jpg,m.0b6g7sb,1
15-FaceId-0_align.jpg,m.0b6g7sb,1
104-FaceId-0_align.jpg,m.0b6g7sb,1
95-FaceId-0_align.jpg,m.0b6g7sb,1
87-FaceId-0_align.jpg,m.0b6g7sb,1
46-FaceId-0_align.jpg,m.0b6g7sb,1
54-FaceId-0_align.jpg,m.0b6g7sb,1
99-FaceId-0_align.jpg,m.0b6g7sb,1
33-FaceId-0_align.jpg,m.0b6g7sb,1
97-FaceId-0_align.jpg,m.0b6g7sb,1
43-FaceId-0_align.jpg,m.0b6g7sb,1
45-FaceId-0_align.jpg,m.0b6g7sb,1
39-FaceId-0_align.jpg,m.0b6g7sb,1
65-FaceId-0_align.jpg,m.0b6g7sb,1
84-FaceId-0_align.jpg,m.0b6g7sb,1
38-FaceId-0_align.jpg,m.0b6g7sb,1
105-FaceId-0_align.jpg,m.0b6g7sb,1
82-FaceId-0_align.jpg,m.0b6g7sb,1
1-FaceId-0_align.jpg,m.0b6g7sb,1
73-FaceId-0_align.jpg,m.0b6g7sb,1
94-FaceId-1_align.jpg,m.0b6g7sb,1
89-FaceId-0_align.jpg,m.0b6g7sb,1
109-FaceId-0_align.jpg,m.0b6g7sb,1
116-FaceId-0_align.jpg,m.0b6g7sb,1
91-FaceId-0_align.jpg,m.0b6g7sb,1
101-FaceId-0_align.jpg,m.0b6g7sb,1
50-FaceId-0_align.jpg,m.0b6g7sb,1
19-FaceId-0_align.jpg,m.0b6g7sb,1
90-FaceId-0_align.jpg,m.0b6g7sb,1
17-FaceId-0_align.jpg,m.0b6g7sb,1
41-FaceId-0_align.jpg,m.0b6g7sb,1
117-FaceId-0_align.jpg,m.0b6g7sb,1
11-FaceId-0_align.jpg,m.0b6g7sb,1
71-FaceId-0_align.jpg,m.0b6g7sb,1
44-FaceId-0_align.jpg,m.0b6g7sb,1
31-FaceId-0_align.jpg,m.0b6g7sb,1
56-FaceId-0_align.jpg,m.0b6g7sb,1
42-FaceId-0_align.jpg,m.0b6g7sb,1
000073_00@en.jpg,m.07fzvq,1
000012_00@en.jpg,m.07fzvq,1
000014_00@en.jpg,m.07fzvq,1
000071_00@en.jpg,m.07fzvq,1
000051_00@en.jpg,m.07fzvq,1
000023_00@en.jpg,m.07fzvq,1
000003_00@en.jpg,m.07fzvq,1
000035_00@en.jpg,m.07fzvq,1
000008_00@en.jpg,m.07fzvq,1
000049_00@en.jpg,m.07fzvq,1
000001_00@en.jpg,m.07fzvq,1
000005_00@en.jpg,m.07fzvq,1
000009_00@en.jpg,m.07fzvq,1
000063_00@en.jpg,m.07fzvq,1
000041_00@en.jpg,m.07fzvq,1
000022_00@en.jpg,m.07fzvq,1
000067_00@en.jpg,m.07fzvq,1
000044_00@en.jpg,m.07fzvq,1
000073_02@en.jpg,m.07fzvq,1
000064_00@en.jpg,m.07fzvq,1
000007_00@en.jpg,m.07fzvq,1
000018_00@en.jpg,m.07fzvq,1
000006_01@en.jpg,m.07fzvq,1
000048_00@en.jpg,m.07fzvq,1
000037_02@en.jpg,m.07fzvq,1
000045_00@en.jpg,m.07fzvq,1
000027_00@en.jpg,m.07fzvq,1
000047_00@en.jpg,m.07fzvq,1
000061_00@en.jpg,m.07fzvq,1
000000_00@en.jpg,m.07fzvq,1
000068_00@en.jpg,m.07fzvq,1
000013_00@en.jpg,m.07fzvq,1
000050_00@en.jpg,m.07fzvq,1
000016_00@en.jpg,m.07fzvq,1
000021_00@en.jpg,m.07fzvq,1
000036_00@en.jpg,m.07fzvq,1
000024_00@en.jpg,m.07fzvq,1
000006_00@en.jpg,m.07fzvq,1
000034_00@en.jpg,m.07fzvq,1
000020_00@en.jpg,m.07fzvq,1
000015_00@en.jpg,m.07fzvq,1
000030_00@en.jpg,m.07fzvq,1
000033_00@en.jpg,m.07fzvq,1
000026_00@en.jpg,m.07fzvq,1
000011_00@en.jpg,m.07fzvq,1
000046_00@en.jpg,m.07fzvq,1
000040_00@en.jpg,m.07fzvq,1
000037_05@en.jpg,m.07fzvq,1
000002_00@en.jpg,m.07fzvq,1
000004_00@en.jpg,m.07fzvq,1
000019_00@en.jpg,m.07fzvq,1
000057_00@en.jpg,m.07fzvq,1
000056_00@en.jpg,m.07fzvq,1
000029_00@en.jpg,m.07fzvq,1
000075_00@en.jpg,m.07fzvq,1
000069_00@en.jpg,m.07fzvq,1
000028_00@en.jpg,m.07fzvq,1
000039_00@en.jpg,m.07fzvq,1
000066_00@en.jpg,m.07fzvq,1
000065_00@en.jpg,m.07fzvq,1
000023_00@en.jpg,m.0k_lgk,1
000018_00@en.jpg,m.0k_lgk,1
000056_00@en.jpg,m.0k_lgk,1
000050_00@en.jpg,m.0k_lgk,1
000028_00@en.jpg,m.0k_lgk,1
000078_00@en.jpg,m.0k_lgk,1
000047_00@hi.jpg,m.0k_lgk,1
000075_01@hi.jpg,m.0k_lgk,1
000070_01@en.jpg,m.0k_lgk,1
000080_00@en.jpg,m.0k_lgk,1
000032_00@en.jpg,m.0k_lgk,1
000008_00@en.jpg,m.0k_lgk,1
000066_01@en.jpg,m.0k_lgk,1
000077_00@en.jpg,m.0k_lgk,1
000011_00@en.jpg,m.0k_lgk,1
000061_00@en.jpg,m.0k_lgk,1
000004_00@hi.jpg,m.0k_lgk,1
000035_00@en.jpg,m.0k_lgk,1
000016_00@en.jpg,m.0k_lgk,1
000007_00@en.jpg,m.0k_lgk,1
000036_00@en.jpg,m.0k_lgk,1
000043_00@en.jpg,m.0k_lgk,1
000052_00@en.jpg,m.0k_lgk,1
000009_00@en.jpg,m.0k_lgk,1
000040_00@en.jpg,m.0k_lgk,1
000054_02@hi.jpg,m.0k_lgk,1
000049_00@en.jpg,m.0k_lgk,1
000058_00@en.jpg,m.0k_lgk,1
000038_00@en.jpg,m.0k_lgk,1
000079_01@en.jpg,m.0k_lgk,1
000075_00@en.jpg,m.0k_lgk,1
000021_00@en.jpg,m.0k_lgk,1
000004_00@en.jpg,m.0k_lgk,1
000014_00@en.jpg,m.0k_lgk,1
000030_00@en.jpg,m.0k_lgk,1
000024_00@en.jpg,m.0k_lgk,1
000068_00@en.jpg,m.0k_lgk,1
000013_00@en.jpg,m.0k_lgk,1
000048_00@en.jpg,m.0k_lgk,1
000051_00@en.jpg,m.0k_lgk,1
000031_00@en.jpg,m.0k_lgk,1
000033_00@en.jpg,m.0k_lgk,1
000054_00@en.jpg,m.0k_lgk,1
000005_00@en.jpg,m.0k_lgk,1
000010_00@en.jpg,m.0k_lgk,1
000059_00@en.jpg,m.0k_lgk,1
000069_00@hi.jpg,m.0k_lgk,1
000037_02@hi.jpg,m.0k_lgk,1
000017_00@en.jpg,m.0k_lgk,1
000063_00@hi.jpg,m.0k_lgk,1
000001_00@hi.jpg,m.0k_lgk,1
000042_00@en.jpg,m.0k_lgk,1
000079_00@hi.jpg,m.0k_lgk,1
000002_00@en.jpg,m.0k_lgk,1
000037_00@en.jpg,m.0k_lgk,1
000022_00@en.jpg,m.0k_lgk,1
000020_00@en.jpg,m.0k_lgk,1
000072_00@en.jpg,m.0k_lgk,1
000065_00@en.jpg,m.0k_lgk,1
000001_00@en.jpg,m.0k_lgk,1
000160_00@en.jpg,m.0c9srw,1
000183_00@en.jpg,m.0c9srw,1
000023_00@en.jpg,m.0c9srw,1
000107_00@en.jpg,m.0c9srw,1
000077_00@en.jpg,m.0c9srw,1
000105_00@en.jpg,m.0c9srw,1
000095_00@en.jpg,m.0c9srw,1
000010_00@en.jpg,m.0c9srw,1
000092_00@en.jpg,m.0c9srw,1
000048_00@en.jpg,m.0c9srw,1
000072_00@en.jpg,m.0c9srw,1
000030_01@en.jpg,m.0c9srw,1
000162_00@en.jpg,m.0c9srw,1
000100_00@en.jpg,m.0c9srw,1
000044_00@en.jpg,m.0c9srw,1
000059_01@en.jpg,m.0c9srw,1
000027_00@en.jpg,m.0c9srw,1
000039_00@en.jpg,m.0c9srw,1
000089_00@en.jpg,m.0c9srw,1
000114_00@en.jpg,m.0c9srw,1
000065_00@en.jpg,m.0c9srw,1
000177_00@en.jpg,m.0c9srw,1
000085_00@en.jpg,m.0c9srw,1
000001_00@en.jpg,m.0c9srw,1
000051_00@en.jpg,m.0c9srw,1
000102_00@en.jpg,m.0c9srw,1
000028_00@en.jpg,m.0c9srw,1
000031_00@en.jpg,m.0c9srw,1
000087_00@en.jpg,m.0c9srw,1
000058_00@en.jpg,m.0c9srw,1
000021_00@en.jpg,m.0c9srw,1
000096_00@en.jpg,m.0c9srw,1
000000_00@en.jpg,m.0c9srw,1
000032_00@en.jpg,m.0c9srw,1
000007_00@en.jpg,m.0c9srw,1
000033_00@en.jpg,m.0c9srw,1
000013_00@en.jpg,m.0c9srw,1
000098_00@en.jpg,m.0c9srw,1
000112_01@en.jpg,m.0c9srw,1
000017_00@en.jpg,m.0c9srw,1
000043_00@en.jpg,m.0c9srw,1
000006_00@en.jpg,m.0c9srw,1
000091_00@en.jpg,m.0c9srw,1
000057_00@en.jpg,m.0c9srw,1
000037_00@en.jpg,m.0c9srw,1
000050_00@en.jpg,m.0c9srw,1
000130_00@en.jpg,m.0c9srw,1
000038_00@en.jpg,m.0c9srw,1
000049_00@en.jpg,m.0c9srw,1
000070_00@en.jpg,m.0c9srw,1
000167_00@en.jpg,m.0c9srw,1
000060_00@en.jpg,m.0c9srw,1
000014_00@en.jpg,m.0c9srw,1
000097_00@en.jpg,m.0c9srw,1
000045_00@en.jpg,m.0c9srw,1
000011_00@en.jpg,m.0c9srw,1
000144_00@en.jpg,m.0c9srw,1
000083_00@en.jpg,m.0c9srw,1
000171_00@en.jpg,m.0c9srw,1
000174_00@en.jpg,m.0c9srw,1
105-FaceId-0_align.jpg,m.07zm_w,1
69-FaceId-0_align.jpg,m.07zm_w,1
85-FaceId-0_align.jpg,m.07zm_w,1
14-FaceId-0_align.jpg,m.07zm_w,1
20-FaceId-0_align.jpg,m.07zm_w,1
110-FaceId-0_align.jpg,m.07zm_w,1
66-FaceId-0_align.jpg,m.07zm_w,1
79-FaceId-0_align.jpg,m.07zm_w,1
41-FaceId-0_align.jpg,m.07zm_w,1
62-FaceId-0_align.jpg,m.07zm_w,1
49-FaceId-0_align.jpg,m.07zm_w,1
58-FaceId-1_align.jpg,m.07zm_w,1
36-FaceId-0_align.jpg,m.07zm_w,1
24-FaceId-0_align.jpg,m.07zm_w,1
74-FaceId-0_align.jpg,m.07zm_w,1
72-FaceId-0_align.jpg,m.07zm_w,1
91-FaceId-0_align.jpg,m.07zm_w,1
12-FaceId-0_align.jpg,m.07zm_w,1
10-FaceId-0_align.jpg,m.07zm_w,1
56-FaceId-0_align.jpg,m.07zm_w,1
93-FaceId-0_align.jpg,m.07zm_w,1
80-FaceId-0_align.jpg,m.07zm_w,1
46-FaceId-0_align.jpg,m.07zm_w,1
111-FaceId-0_align.jpg,m.07zm_w,1
104-FaceId-0_align.jpg,m.07zm_w,1
44-FaceId-0_align.jpg,m.07zm_w,1
94-FaceId-0_align.jpg,m.07zm_w,1
60-FaceId-0_align.jpg,m.07zm_w,1
22-FaceId-0_align.jpg,m.07zm_w,1
6-FaceId-0_align.jpg,m.07zm_w,1
95-FaceId-0_align.jpg,m.07zm_w,1
82-FaceId-0_align.jpg,m.07zm_w,1
29-FaceId-0_align.jpg,m.07zm_w,1
63-FaceId-0_align.jpg,m.07zm_w,1
84-FaceId-0_align.jpg,m.07zm_w,1
4-FaceId-0_align.jpg,m.07zm_w,1
25-FaceId-0_align.jpg,m.07zm_w,1
37-FaceId-0_align.jpg,m.07zm_w,1
101-FaceId-0_align.jpg,m.07zm_w,1
35-FaceId-0_align.jpg,m.07zm_w,1
54-FaceId-0_align.jpg,m.07zm_w,1
99-FaceId-0_align.jpg,m.07zm_w,1
78-FaceId-0_align.jpg,m.07zm_w,1
47-FaceId-0_align.jpg,m.07zm_w,1
7-FaceId-0_align.jpg,m.07zm_w,1
100-FaceId-0_align.jpg,m.07zm_w,1
34-FaceId-0_align.jpg,m.07zm_w,1
26-FaceId-0_align.jpg,m.07zm_w,1
1-FaceId-0_align.jpg,m.07zm_w,1
57-FaceId-0_align.jpg,m.07zm_w,1
11-FaceId-0_align.jpg,m.07zm_w,1
61-FaceId-0_align.jpg,m.07zm_w,1
109-FaceId-0_align.jpg,m.07zm_w,1
52-FaceId-0_align.jpg,m.07zm_w,1
96-FaceId-0_align.jpg,m.07zm_w,1
89-FaceId-0_align.jpg,m.07zm_w,1
33-FaceId-0_align.jpg,m.07zm_w,1
59-FaceId-0_align.jpg,m.07zm_w,1
53-FaceId-0_align.jpg,m.07zm_w,1
115-FaceId-0_align.jpg,m.07zm_w,1
000000_00@hi.jpg,m.0r5b9wv,1
000040_00@en.jpg,m.0r5b9wv,1
000025_01@en.jpg,m.0r5b9wv,1
000016_01@en.jpg,m.0r5b9wv,1
000006_01@hi.jpg,m.0r5b9wv,1
000009_00@en.jpg,m.0r5b9wv,1
000003_00@en.jpg,m.0r5b9wv,1
000044_01@hi.jpg,m.0r5b9wv,1
000004_00@hi.jpg,m.0r5b9wv,1
000011_01@hi.jpg,m.0r5b9wv,1
000008_00@hi.jpg,m.0r5b9wv,1
000029_00@en.jpg,m.0r5b9wv,1
000039_00@en.jpg,m.0r5b9wv,1
000019_02@en.jpg,m.0r5b9wv,1
000030_02@en.jpg,m.0r5b9wv,1
000039_02@hi.jpg,m.0r5b9wv,1
000044_00@en.jpg,m.0r5b9wv,1
000000_00@en.jpg,m.0r5b9wv,1
000007_00@en.jpg,m.0r5b9wv,1
000020_00@hi.jpg,m.0r5b9wv,1
000029_01@en.jpg,m.0r5b9wv,1
000023_00@en.jpg,m.0r5b9wv,1
000037_00@en.jpg,m.0r5b9wv,1
000012_00@hi.jpg,m.0r5b9wv,1
000017_00@en.jpg,m.0r5b9wv,1
000025_00@hi.jpg,m.0r5b9wv,1
000032_00@hi.jpg,m.0r5b9wv,1
000021_00@en.jpg,m.0r5b9wv,1
000036_00@en.jpg,m.0r5b9wv,1
000006_01@en.jpg,m.0r5b9wv,1
000011_00@hi.jpg,m.0r5b9wv,1
000028_00@en.jpg,m.0r5b9wv,1
000030_00@hi.jpg,m.0r5b9wv,1
000015_00@hi.jpg,m.0r5b9wv,1
000017_00@hi.jpg,m.0r5b9wv,1
000034_00@hi.jpg,m.0r5b9wv,1
000002_00@hi.jpg,m.0r5b9wv,1
000033_00@hi.jpg,m.0r5b9wv,1
000027_05@en.jpg,m.0r5b9wv,1
000038_00@hi.jpg,m.0r5b9wv,1
000007_02@hi.jpg,m.0r5b9wv,1
000037_00@hi.jpg,m.0r5b9wv,1
000031_01@hi.jpg,m.0r5b9wv,1
000036_00@hi.jpg,m.0r5b9wv,1
000014_00@en.jpg,m.0r5b9wv,1
000035_01@en.jpg,m.0r5b9wv,1
000026_01@en.jpg,m.0r5b9wv,1
000041_00@en.jpg,m.0r5b9wv,1
000009_00@hi.jpg,m.0r5b9wv,1
000024_00@en.jpg,m.0r5b9wv,1
000012_00@en.jpg,m.0r5b9wv,1
000011_01@en.jpg,m.0r5b9wv,1
000023_00@hi.jpg,m.0r5b9wv,1
000024_01@hi.jpg,m.0r5b9wv,1
000028_00@hi.jpg,m.0r5b9wv,1
000034_00@en.jpg,m.0r5b9wv,1
000016_00@hi.jpg,m.0r5b9wv,1
000008_00@en.jpg,m.0r5b9wv,1
000015_01@en.jpg,m.0r5b9wv,1
000033_00@en.jpg,m.0r5b9wv,1
000022_00@en.jpg,m.0hrgccp,1
000079_02@en.jpg,m.0hrgccp,1
000063_00@en.jpg,m.0hrgccp,1
000048_01@en.jpg,m.0hrgccp,1
000021_00@en.jpg,m.0hrgccp,1
000041_00@en.jpg,m.0hrgccp,1
000012_00@en.jpg,m.0hrgccp,1
000065_00@en.jpg,m.0hrgccp,1
000020_00@en.jpg,m.0hrgccp,1
000005_00@en.jpg,m.0hrgccp,1
000032_00@en.jpg,m.0hrgccp,1
000044_00@en.jpg,m.0hrgccp,1
000055_00@en.jpg,m.0hrgccp,1
000049_00@en.jpg,m.0hrgccp,1
000040_00@en.jpg,m.0hrgccp,1
000054_00@en.jpg,m.0hrgccp,1
000066_05@en.jpg,m.0hrgccp,1
000068_00@en.jpg,m.0hrgccp,1
000072_00@en.jpg,m.0hrgccp,1
000066_07@en.jpg,m.0hrgccp,1
000079_07@en.jpg,m.0hrgccp,1
000013_00@en.jpg,m.0hrgccp,1
000014_00@en.jpg,m.0hrgccp,1
000010_00@en.jpg,m.0hrgccp,1
000047_03@en.jpg,m.0hrgccp,1
000018_01@en.jpg,m.0hrgccp,1
000066_04@en.jpg,m.0hrgccp,1
000017_00@en.jpg,m.0hrgccp,1
000002_00@en.jpg,m.0hrgccp,1
000011_00@en.jpg,m.0hrgccp,1
000006_00@en.jpg,m.0hrgccp,1
000059_00@en.jpg,m.0hrgccp,1
000064_00@en.jpg,m.0hrgccp,1
000051_00@en.jpg,m.0hrgccp,1
000001_00@en.jpg,m.0hrgccp,1
000079_08@en.jpg,m.0hrgccp,1
000071_00@en.jpg,m.0hrgccp,1
000007_00@en.jpg,m.0hrgccp,1
000008_00@en.jpg,m.0hrgccp,1
000004_00@en.jpg,m.0hrgccp,1
000042_01@en.jpg,m.0hrgccp,1
000026_00@en.jpg,m.0hrgccp,1
000025_00@en.jpg,m.0hrgccp,1
000019_00@en.jpg,m.0hrgccp,1
000039_00@en.jpg,m.0hrgccp,1
000000_00@en.jpg,m.0hrgccp,1
000074_00@en.jpg,m.0hrgccp,1
000023_00@en.jpg,m.0hrgccp,1
000075_00@en.jpg,m.0hrgccp,1
000060_01@en.jpg,m.0hrgccp,1
000024_00@en.jpg,m.0hrgccp,1
000050_00@en.jpg,m.0hrgccp,1
000015_00@en.jpg,m.0hrgccp,1
000062_00@en.jpg,m.0hrgccp,1
000030_00@en.jpg,m.0hrgccp,1
000036_01@en.jpg,m.0hrgccp,1
000061_03@en.jpg,m.0hrgccp,1
000009_00@en.jpg,m.0hrgccp,1
000027_00@en.jpg,m.0hrgccp,1
000079_03@en.jpg,m.0hrgccp,1
000012_02@en.jpg,m.0_s48qd,2
000010_00@zh.jpg,m.0_s48qd,2
000026_00@zh-Hant.jpg,m.0_s48qd,2
000023_03@zh-Hant.jpg,m.0_s48qd,2
000008_00@zh.jpg,m.0_s48qd,2
000031_00@zh.jpg,m.0_s48qd,2
000013_00@en.jpg,m.0_s48qd,2
000026_00@zh.jpg,m.0_s48qd,2
000016_00@zh.jpg,m.0_s48qd,2
000004_00@zh.jpg,m.0_s48qd,2
000007_05@en.jpg,m.0_s48qd,2
000015_01@zh.jpg,m.0_s48qd,2
000025_00@en.jpg,m.0_s48qd,2
000001_00@zh.jpg,m.0_s48qd,2
000014_00@en.jpg,m.0_s48qd,2
000031_01@zh.jpg,m.0_s48qd,2
000016_01@zh-Hant.jpg,m.0_s48qd,2
000020_01@zh-Hant.jpg,m.0_s48qd,2
000009_00@zh-Hant.jpg,m.0_s48qd,2
000007_00@zh-Hant.jpg,m.0_s48qd,2
000011_00@zh.jpg,m.0_s48qd,2
000009_00@en.jpg,m.0_s48qd,2
000020_00@zh-Hant.jpg,m.0_s48qd,2
000019_00@zh-Hant.jpg,m.0_s48qd,2
000003_00@zh.jpg,m.0_s48qd,2
000000_00@zh.jpg,m.0_s48qd,2
000007_00@zh.jpg,m.0_s48qd,2
000025_00@zh.jpg,m.0_s48qd,2
000003_00@zh-Hant.jpg,m.0_s48qd,2
000029_00@zh.jpg,m.0_s48qd,2
000028_00@zh.jpg,m.0_s48qd,2
000001_00@zh-Hant.jpg,m.0_s48qd,2
000006_00@en.jpg,m.0_s48qd,2
000024_01@zh-Hant.jpg,m.0_s48qd,2
000030_01@en.jpg,m.0_s48qd,2
000000_00@zh-Hant.jpg,m.0_s48qd,2
000027_00@zh-Hant.jpg,m.0_s48qd,2
000001_01@en.jpg,m.0_s48qd,2
000021_00@zh-Hant.jpg,m.0_s48qd,2
000020_00@zh.jpg,m.0_s48qd,2
000002_00@en.jpg,m.0_s48qd,2
000013_00@zh.jpg,m.0_s48qd,2
000005_00@en.jpg,m.0_s48qd,2
000000_00@en.jpg,m.0_s48qd,2
000002_00@zh-Hant.jpg,m.0_s48qd,2
000003_02@en.jpg,m.0_s48qd,2
000009_00@zh.jpg,m.0_s48qd,2
000017_00@zh.jpg,m.0_s48qd,2
000015_00@zh-Hant.jpg,m.0_s48qd,2
000018_00@zh.jpg,m.0_s48qd,2
000026_00@en.jpg,m.0_s48qd,2
000011_00@zh-Hant.jpg,m.0_s48qd,2
000031_00@zh-Hant.jpg,m.0_s48qd,2
000031_00@en.jpg,m.0_s48qd,2
000027_00@zh.jpg,m.0_s48qd,2
000004_00@zh-Hant.jpg,m.0_s48qd,2
000012_00@zh-Hant.jpg,m.0_s48qd,2
000022_00@en.jpg,m.0_s48qd,2
000021_00@en.jpg,m.0_s48qd,2
000028_01@zh-Hant.jpg,m.0_s48qd,2
000026_00@ja.jpg,m.02qgh98,2
000019_00@ja.jpg,m.02qgh98,2
000032_00@en.jpg,m.02qgh98,2
000033_00@ja.jpg,m.02qgh98,2
000050_00@ja.jpg,m.02qgh98,2
000030_00@en.jpg,m.02qgh98,2
000034_00@en.jpg,m.02qgh98,2
000000_00@ja.jpg,m.02qgh98,2
000028_00@en.jpg,m.02qgh98,2
000008_00@en.jpg,m.02qgh98,2
000017_00@ja.jpg,m.02qgh98,2
000018_00@en.jpg,m.02qgh98,2
000005_00@en.jpg,m.02qgh98,2
000031_00@en.jpg,m.02qgh98,2
000006_00@en.jpg,m.02qgh98,2
000002_00@en.jpg,m.02qgh98,2
000034_00@ja.jpg,m.02qgh98,2
000022_00@ja.jpg,m.02qgh98,2
000044_00@en.jpg,m.02qgh98,2
000014_00@en.jpg,m.02qgh98,2
000032_00@ja.jpg,m.02qgh98,2
000040_00@en.jpg,m.02qgh98,2
000026_01@en.jpg,m.02qgh98,2
000031_00@ja.jpg,m.02qgh98,2
000002_00@fa.jpg,m.02qgh98,2
000027_00@en.jpg,m.02qgh98,2
000023_00@en.jpg,m.02qgh98,2
000009_00@ja.jpg,m.02qgh98,2
000004_00@en.jpg,m.02qgh98,2
000021_00@ja.jpg,m.02qgh98,2
000020_00@ja.jpg,m.02qgh98,2
000024_00@en.jpg,m.02qgh98,2
000002_00@ja.jpg,m.02qgh98,2
000029_00@en.jpg,m.02qgh98,2
000012_00@en.jpg,m.02qgh98,2
000008_00@ja.jpg,m.02qgh98,2
000015_00@ja.jpg,m.02qgh98,2
000025_00@ja.jpg,m.02qgh98,2
000049_00@en.jpg,m.02qgh98,2
000041_00@ja.jpg,m.02qgh98,2
000038_00@en.jpg,m.02qgh98,2
000006_00@ja.jpg,m.02qgh98,2
000007_00@en.jpg,m.02qgh98,2
000021_00@en.jpg,m.02qgh98,2
000017_00@en.jpg,m.02qgh98,2
000035_00@ja.jpg,m.02qgh98,2
000013_00@en.jpg,m.02qgh98,2
000024_00@ja.jpg,m.02qgh98,2
000003_00@ja.jpg,m.02qgh98,2
000016_00@ja.jpg,m.02qgh98,2
000030_00@ja.jpg,m.02qgh98,2
000027_00@ja.jpg,m.02qgh98,2
000001_00@en.jpg,m.02qgh98,2
000037_00@ja.jpg,m.02qgh98,2
000001_00@ja.jpg,m.02qgh98,2
000028_00@ja.jpg,m.02qgh98,2
000015_00@en.jpg,m.02qgh98,2
000023_00@ja.jpg,m.02qgh98,2
000011_00@ja.jpg,m.02qgh98,2
000022_00@en.jpg,m.02qgh98,2
000001_00@ja.jpg,m.02x83n8,2
000019_00@ja.jpg,m.02x83n8,2
000028_00@ja.jpg,m.02x83n8,2
000000_00@en.jpg,m.02x83n8,2
000020_01@en.jpg,m.02x83n8,2
000022_01@en.jpg,m.02x83n8,2
000028_01@en.jpg,m.02x83n8,2
000007_00@en.jpg,m.02x83n8,2
000009_00@ja.jpg,m.02x83n8,2
000006_00@ja.jpg,m.02x83n8,2
000008_01@ja.jpg,m.02x83n8,2
000032_06@ja.jpg,m.02x83n8,2
000003_00@ja.jpg,m.02x83n8,2
000014_00@en.jpg,m.02x83n8,2
000031_00@ja.jpg,m.02x83n8,2
000013_00@ja.jpg,m.02x83n8,2
000017_00@en.jpg,m.02x83n8,2
000040_00@ja.jpg,m.02x83n8,2
000017_00@ja.jpg,m.02x83n8,2
000024_04@en.jpg,m.02x83n8,2
000018_00@ja.jpg,m.02x83n8,2
000035_01@ja.jpg,m.02x83n8,2
000016_00@ja.jpg,m.02x83n8,2
000026_00@ja.jpg,m.02x83n8,2
000021_00@ja.jpg,m.02x83n8,2
000025_00@ja.jpg,m.02x83n8,2
000004_00@en.jpg,m.02x83n8,2
000016_00@en.jpg,m.02x83n8,2
000009_00@en.jpg,m.02x83n8,2
000039_00@en.jpg,m.02x83n8,2
000036_00@ja.jpg,m.02x83n8,2
000023_00@en.jpg,m.02x83n8,2
000034_00@ja.jpg,m.02x83n8,2
000037_00@en.jpg,m.02x83n8,2
000006_00@en.jpg,m.02x83n8,2
000030_00@en.jpg,m.02x83n8,2
000000_00@ja.jpg,m.02x83n8,2
000018_00@en.jpg,m.02x83n8,2
000037_00@ja.jpg,m.02x83n8,2
000025_01@en.jpg,m.02x83n8,2
000022_00@ja.jpg,m.02x83n8,2
000035_00@en.jpg,m.02x83n8,2
000010_02@en.jpg,m.02x83n8,2
000011_00@ja.jpg,m.02x83n8,2
000026_01@en.jpg,m.02x83n8,2
000030_00@ja.jpg,m.02x83n8,2
000012_00@ja.jpg,m.02x83n8,2
000029_01@en.jpg,m.02x83n8,2
000023_00@ja.jpg,m.02x83n8,2
000020_02@en.jpg,m.02x83n8,2
000033_01@ja.jpg,m.02x83n8,2
000020_00@ja.jpg,m.02x83n8,2
000024_00@ja.jpg,m.02x83n8,2
000029_00@ja.jpg,m.02x83n8,2
000027_00@ja.jpg,m.02x83n8,2
000007_00@ja.jpg,m.02x83n8,2
000005_00@ja.jpg,m.02x83n8,2
000008_00@en.jpg,m.02x83n8,2
000014_01@ja.jpg,m.02x83n8,2
000013_00@en.jpg,m.02x83n8,2
000007_00@vi.jpg,m.02q5_wc,2
000003_00@ja.jpg,m.02q5_wc,2
000021_00@ja.jpg,m.02q5_wc,2
000016_01@ja.jpg,m.02q5_wc,2
000007_00@ja.jpg,m.02q5_wc,2
000036_00@ja.jpg,m.02q5_wc,2
000020_00@ja.jpg,m.02q5_wc,2
000001_00@vi.jpg,m.02q5_wc,2
000002_00@vi.jpg,m.02q5_wc,2
000037_00@vi.jpg,m.02q5_wc,2
000013_00@en.jpg,m.02q5_wc,2
000037_00@en.jpg,m.02q5_wc,2
000022_00@vi.jpg,m.02q5_wc,2
000027_00@en.jpg,m.02q5_wc,2
000035_00@ja.jpg,m.02q5_wc,2
000018_00@ja.jpg,m.02q5_wc,2
000000_00@ja.jpg,m.02q5_wc,2
000032_00@en.jpg,m.02q5_wc,2
000004_00@vi.jpg,m.02q5_wc,2
000023_00@vi.jpg,m.02q5_wc,2
000013_01@vi.jpg,m.02q5_wc,2
000037_00@ja.jpg,m.02q5_wc,2
000033_00@ja.jpg,m.02q5_wc,2
000002_00@en.jpg,m.02q5_wc,2
000029_00@vi.jpg,m.02q5_wc,2
000011_01@ja.jpg,m.02q5_wc,2
000014_00@en.jpg,m.02q5_wc,2
000011_02@ja.jpg,m.02q5_wc,2
000016_00@ja.jpg,m.02q5_wc,2
000021_00@vi.jpg,m.02q5_wc,2
000010_00@ja.jpg,m.02q5_wc,2
000009_00@en.jpg,m.02q5_wc,2
000006_00@ja.jpg,m.02q5_wc,2
000017_00@ja.jpg,m.02q5_wc,2
000012_00@vi.jpg,m.02q5_wc,2
000030_00@ja.jpg,m.02q5_wc,2
000034_00@vi.jpg,m.02q5_wc,2
000010_00@en.jpg,m.02q5_wc,2
000013_00@vi.jpg,m.02q5_wc,2
000027_00@ja.jpg,m.02q5_wc,2
000005_00@vi.jpg,m.02q5_wc,2
000035_00@en.jpg,m.02q5_wc,2
000005_00@en.jpg,m.02q5_wc,2
000000_00@en.jpg,m.02q5_wc,2
000007_00@en.jpg,m.02q5_wc,2
000029_00@ja.jpg,m.02q5_wc,2
000025_00@ja.jpg,m.02q5_wc,2
000002_00@ja.jpg,m.02q5_wc,2
000005_00@ja.jpg,m.02q5_wc,2
000018_00@vi.jpg,m.02q5_wc,2
000001_00@en.jpg,m.02q5_wc,2
000036_02@vi.jpg,m.02q5_wc,2
000001_00@ja.jpg,m.02q5_wc,2
000000_00@th.jpg,m.02q5_wc,2
000006_00@vi.jpg,m.02q5_wc,2
000023_00@ja.jpg,m.02q5_wc,2
000008_00@en.jpg,m.02q5_wc,2
000010_00@vi.jpg,m.02q5_wc,2
000015_00@vi.jpg,m.02q5_wc,2
000026_00@en.jpg,m.02q5_wc,2
000001_00@ru.jpg,m.02fg9g,2
000028_00@bg.jpg,m.02fg9g,2
000026_00@ru.jpg,m.02fg9g,2
000020_00@ru.jpg,m.02fg9g,2
000006_00@en.jpg,m.02fg9g,2
000001_00@en.jpg,m.02fg9g,2
000033_00@en.jpg,m.02fg9g,2
000017_00@ru.jpg,m.02fg9g,2
000012_00@ru.jpg,m.02fg9g,2
000027_02@ru.jpg,m.02fg9g,2
000023_00@ru.jpg,m.02fg9g,2
000003_00@bg.jpg,m.02fg9g,2
000022_00@ru.jpg,m.02fg9g,2
000013_00@en.jpg,m.02fg9g,2
000036_00@ru.jpg,m.02fg9g,2
000028_00@ru.jpg,m.02fg9g,2
000018_00@bg.jpg,m.02fg9g,2
000005_00@ru.jpg,m.02fg9g,2
000010_00@en.jpg,m.02fg9g,2
000037_00@en.jpg,m.02fg9g,2
000021_00@ru.jpg,m.02fg9g,2
000017_00@en.jpg,m.02fg9g,2
000000_00@en.jpg,m.02fg9g,2
000023_01@bg.jpg,m.02fg9g,2
000026_00@en.jpg,m.02fg9g,2
000008_00@ru.jpg,m.02fg9g,2
000023_00@en.jpg,m.02fg9g,2
000035_01@ru.jpg,m.02fg9g,2
000027_00@en.jpg,m.02fg9g,2
000038_02@bg.jpg,m.02fg9g,2
000031_00@en.jpg,m.02fg9g,2
000030_00@en.jpg,m.02fg9g,2
000021_00@en.jpg,m.02fg9g,2
000002_00@ru.jpg,m.02fg9g,2
000004_00@en.jpg,m.02fg9g,2
000037_01@ru.jpg,m.02fg9g,2
000026_00@bg.jpg,m.02fg9g,2
000013_00@ru.jpg,m.02fg9g,2
000027_00@bg.jpg,m.02fg9g,2
000019_01@bg.jpg,m.02fg9g,2
000005_00@en.jpg,m.02fg9g,2
000038_00@en.jpg,m.02fg9g,2
000038_00@ru.jpg,m.02fg9g,2
000009_00@ru.jpg,m.02fg9g,2
000000_00@ru.jpg,m.02fg9g,2
000003_00@en.jpg,m.02fg9g,2
000014_00@en.jpg,m.02fg9g,2
000004_00@ru.jpg,m.02fg9g,2
000018_01@ru.jpg,m.02fg9g,2
000000_00@bg.jpg,m.02fg9g,2
000016_00@en.jpg,m.02fg9g,2
000001_00@bg.jpg,m.02fg9g,2
000002_00@bg.jpg,m.02fg9g,2
000030_00@bg.jpg,m.02fg9g,2
000006_00@bg.jpg,m.02fg9g,2
000036_01@en.jpg,m.02fg9g,2
000009_00@en.jpg,m.02fg9g,2
000022_02@bg.jpg,m.02fg9g,2
000002_00@en.jpg,m.02fg9g,2
000030_02@ru.jpg,m.02fg9g,2
000001_00@en.jpg,m.0nbjn6y,2
000022_00@ko.jpg,m.0nbjn6y,2
000037_00@ko.jpg,m.0nbjn6y,2
000020_00@en.jpg,m.0nbjn6y,2
000008_00@ko.jpg,m.0nbjn6y,2
000010_02@ko.jpg,m.0nbjn6y,2
000014_00@en.jpg,m.0nbjn6y,2
000003_00@en.jpg,m.0nbjn6y,2
000038_00@en.jpg,m.0nbjn6y,2
000021_00@en.jpg,m.0nbjn6y,2
000039_00@ko.jpg,m.0nbjn6y,2
000014_01@ko.jpg,m.0nbjn6y,2
000019_00@ko.jpg,m.0nbjn6y,2
000004_00@ko.jpg,m.0nbjn6y,2
000036_00@en.jpg,m.0nbjn6y,2
000005_03@ko.jpg,m.0nbjn6y,2
000008_00@en.jpg,m.0nbjn6y,2
000025_03@ko.jpg,m.0nbjn6y,2
000007_00@ko.jpg,m.0nbjn6y,2
000028_00@ko.jpg,m.0nbjn6y,2
000041_00@ko.jpg,m.0nbjn6y,2
000030_02@en.jpg,m.0nbjn6y,2
000003_00@ko.jpg,m.0nbjn6y,2
000018_00@ko.jpg,m.0nbjn6y,2
000034_00@en.jpg,m.0nbjn6y,2
000041_00@en.jpg,m.0nbjn6y,2
000035_01@en.jpg,m.0nbjn6y,2
000013_00@ko.jpg,m.0nbjn6y,2
000024_00@ko.jpg,m.0nbjn6y,2
000013_00@en.jpg,m.0nbjn6y,2
000024_01@ko.jpg,m.0nbjn6y,2
000005_00@en.jpg,m.0nbjn6y,2
000005_02@ko.jpg,m.0nbjn6y,2
000026_00@ko.jpg,m.0nbjn6y,2
000012_01@en.jpg,m.0nbjn6y,2
000027_00@en.jpg,m.0nbjn6y,2
000022_00@en.jpg,m.0nbjn6y,2
000002_00@ko.jpg,m.0nbjn6y,2
000001_00@ko.jpg,m.0nbjn6y,2
000011_00@ko.jpg,m.0nbjn6y,2
000032_01@en.jpg,m.0nbjn6y,2
000017_00@ko.jpg,m.0nbjn6y,2
000033_00@en.jpg,m.0nbjn6y,2
000012_01@ko.jpg,m.0nbjn6y,2
000000_00@en.jpg,m.0nbjn6y,2
000024_02@en.jpg,m.0nbjn6y,2
000023_01@en.jpg,m.0nbjn6y,2
000009_00@ko.jpg,m.0nbjn6y,2
000027_00@ko.jpg,m.0nbjn6y,2
000030_01@ko.jpg,m.0nbjn6y,2
000034_00@ko.jpg,m.0nbjn6y,2
000025_01@ko.jpg,m.0nbjn6y,2
000004_01@en.jpg,m.0nbjn6y,2
000040_00@ko.jpg,m.0nbjn6y,2
000007_00@en.jpg,m.0nbjn6y,2
000016_00@ko.jpg,m.0nbjn6y,2
000036_01@ko.jpg,m.0nbjn6y,2
000023_00@ko.jpg,m.0nbjn6y,2
000015_00@ko.jpg,m.0nbjn6y,2
000011_00@en.jpg,m.0nbjn6y,2
000051_01@ja.jpg,m.051h64,2
000008_00@ja.jpg,m.051h64,2
000019_00@ja.jpg,m.051h64,2
000002_00@ja.jpg,m.051h64,2
000014_00@ja.jpg,m.051h64,2
000061_00@en.jpg,m.051h64,2
000012_00@ja.jpg,m.051h64,2
000049_00@en.jpg,m.051h64,2
000041_01@ja.jpg,m.051h64,2
000005_00@ja.jpg,m.051h64,2
000057_01@ja.jpg,m.051h64,2
000044_00@en.jpg,m.051h64,2
000023_00@ja.jpg,m.051h64,2
000028_01@en.jpg,m.051h64,2
000035_01@ja.jpg,m.051h64,2
000028_00@en.jpg,m.051h64,2
000000_00@en.jpg,m.051h64,2
000017_01@ja.jpg,m.051h64,2
000046_00@ja.jpg,m.051h64,2
000031_01@ja.jpg,m.051h64,2
000021_00@en.jpg,m.051h64,2
000007_00@en.jpg,m.051h64,2
000014_00@en.jpg,m.051h64,2
000009_00@ja.jpg,m.051h64,2
000039_00@ja.jpg,m.051h64,2
000041_00@en.jpg,m.051h64,2
000002_00@en.jpg,m.051h64,2
000022_00@en.jpg,m.051h64,2
000013_00@ja.jpg,m.051h64,2
000013_00@en.jpg,m.051h64,2
000048_01@ja.jpg,m.051h64,2
000005_00@en.jpg,m.051h64,2
000006_00@ja.jpg,m.051h64,2
000045_00@ja.jpg,m.051h64,2
000034_00@en.jpg,m.051h64,2
000024_03@ja.jpg,m.051h64,2
000063_01@ja.jpg,m.051h64,2
000010_01@ja.jpg,m.051h64,2
000007_00@ja.jpg,m.051h64,2
000036_00@ja.jpg,m.051h64,2
000016_00@ja.jpg,m.051h64,2
000061_00@ja.jpg,m.051h64,2
000026_00@ja.jpg,m.051h64,2
000049_01@ja.jpg,m.051h64,2
000019_00@en.jpg,m.051h64,2
000015_00@ja.jpg,m.051h64,2
000000_00@ja.jpg,m.051h64,2
000004_00@en.jpg,m.051h64,2
000042_01@ja.jpg,m.051h64,2
000054_00@ja.jpg,m.051h64,2
000001_00@en.jpg,m.051h64,2
000020_01@ja.jpg,m.051h64,2
000050_00@ja.jpg,m.051h64,2
000001_00@ja.jpg,m.051h64,2
000003_01@ja.jpg,m.051h64,2
000030_00@ja.jpg,m.051h64,2
000015_00@en.jpg,m.051h64,2
000044_00@ja.jpg,m.051h64,2
000028_02@en.jpg,m.051h64,2
000027_00@ja.jpg,m.051h64,2
000051_00@ja.jpg,m.0pbxqjm,2
000052_03@en.jpg,m.0pbxqjm,2
000055_00@ja.jpg,m.0pbxqjm,2
000000_00@ja.jpg,m.0pbxqjm,2
000017_00@ja.jpg,m.0pbxqjm,2
000039_00@ja.jpg,m.0pbxqjm,2
000027_00@ja.jpg,m.0pbxqjm,2
000037_00@ja.jpg,m.0pbxqjm,2
000010_00@ja.jpg,m.0pbxqjm,2
000012_00@en.jpg,m.0pbxqjm,2
000014_01@ja.jpg,m.0pbxqjm,2
000050_00@en.jpg,m.0pbxqjm,2
000024_00@en.jpg,m.0pbxqjm,2
000000_00@en.jpg,m.0pbxqjm,2
000029_00@ja.jpg,m.0pbxqjm,2
000040_00@ja.jpg,m.0pbxqjm,2
000008_00@ja.jpg,m.0pbxqjm,2
000002_00@ja.jpg,m.0pbxqjm,2
000003_00@ja.jpg,m.0pbxqjm,2
000031_00@en.jpg,m.0pbxqjm,2
000069_02@ja.jpg,m.0pbxqjm,2
000023_00@ja.jpg,m.0pbxqjm,2
000028_00@en.jpg,m.0pbxqjm,2
000007_00@ja.jpg,m.0pbxqjm,2
000014_00@ja.jpg,m.0pbxqjm,2
000036_00@en.jpg,m.0pbxqjm,2
000052_00@ja.jpg,m.0pbxqjm,2
000004_00@ja.jpg,m.0pbxqjm,2
000010_00@en.jpg,m.0pbxqjm,2
000015_00@ja.jpg,m.0pbxqjm,2
000003_00@en.jpg,m.0pbxqjm,2
000009_00@en.jpg,m.0pbxqjm,2
000026_00@en.jpg,m.0pbxqjm,2
000009_00@ja.jpg,m.0pbxqjm,2
000012_00@ja.jpg,m.0pbxqjm,2
000022_00@en.jpg,m.0pbxqjm,2
000038_00@en.jpg,m.0pbxqjm,2
000043_00@en.jpg,m.0pbxqjm,2
000035_00@ja.jpg,m.0pbxqjm,2
000017_00@en.jpg,m.0pbxqjm,2
000014_00@en.jpg,m.0pbxqjm,2
000019_01@ja.jpg,m.0pbxqjm,2
000011_00@en.jpg,m.0pbxqjm,2
000045_01@ja.jpg,m.0pbxqjm,2
000030_00@ja.jpg,m.0pbxqjm,2
000018_00@en.jpg,m.0pbxqjm,2
000048_00@ja.jpg,m.0pbxqjm,2
000028_00@ja.jpg,m.0pbxqjm,2
000032_00@ja.jpg,m.0pbxqjm,2
000025_00@ja.jpg,m.0pbxqjm,2
000070_00@ja.jpg,m.0pbxqjm,2
000008_00@en.jpg,m.0pbxqjm,2
000011_00@ja.jpg,m.0pbxqjm,2
000006_00@ja.jpg,m.0pbxqjm,2
000038_01@ja.jpg,m.0pbxqjm,2
000005_00@ja.jpg,m.0pbxqjm,2
000026_01@ja.jpg,m.0pbxqjm,2
000016_00@en.jpg,m.0pbxqjm,2
000007_00@en.jpg,m.0pbxqjm,2
000004_00@en.jpg,m.0pbxqjm,2
000045_00@th.jpg,m.0w2s5g0,2
000018_00@th.jpg,m.0w2s5g0,2
000004_00@th.jpg,m.0w2s5g0,2
000050_02@th.jpg,m.0w2s5g0,2
000025_00@th.jpg,m.0w2s5g0,2
000017_01@th.jpg,m.0w2s5g0,2
000027_00@en.jpg,m.0w2s5g0,2
000023_00@th.jpg,m.0w2s5g0,2
000039_00@th.jpg,m.0w2s5g0,2
000036_00@th.jpg,m.0w2s5g0,2
000026_00@en.jpg,m.0w2s5g0,2
000028_00@th.jpg,m.0w2s5g0,2
000043_04@th.jpg,m.0w2s5g0,2
000002_00@th.jpg,m.0w2s5g0,2
000013_00@en.jpg,m.0w2s5g0,2
000001_00@en.jpg,m.0w2s5g0,2
000038_00@en.jpg,m.0w2s5g0,2
000011_00@th.jpg,m.0w2s5g0,2
000044_00@th.jpg,m.0w2s5g0,2
000013_04@en.jpg,m.0w2s5g0,2
000009_00@th.jpg,m.0w2s5g0,2
000053_00@th.jpg,m.0w2s5g0,2
000050_01@th.jpg,m.0w2s5g0,2
000019_00@th.jpg,m.0w2s5g0,2
000027_00@th.jpg,m.0w2s5g0,2
000005_00@th.jpg,m.0w2s5g0,2
000017_00@en.jpg,m.0w2s5g0,2
000013_01@en.jpg,m.0w2s5g0,2
000015_00@th.jpg,m.0w2s5g0,2
000025_00@en.jpg,m.0w2s5g0,2
000003_00@th.jpg,m.0w2s5g0,2
000050_00@th.jpg,m.0w2s5g0,2
000005_00@en.jpg,m.0w2s5g0,2
000035_01@th.jpg,m.0w2s5g0,2
000020_00@en.jpg,m.0w2s5g0,2
000058_02@th.jpg,m.0w2s5g0,2
000008_00@th.jpg,m.0w2s5g0,2
000040_01@th.jpg,m.0w2s5g0,2
000044_00@en.jpg,m.0w2s5g0,2
000020_01@th.jpg,m.0w2s5g0,2
000034_00@th.jpg,m.0w2s5g0,2
000009_00@en.jpg,m.0w2s5g0,2
000013_05@en.jpg,m.0w2s5g0,2
000022_00@th.jpg,m.0w2s5g0,2
000025_01@th.jpg,m.0w2s5g0,2
000042_00@th.jpg,m.0w2s5g0,2
000002_01@en.jpg,m.0w2s5g0,2
000057_00@en.jpg,m.0w2s5g0,2
000016_01@en.jpg,m.0w2s5g0,2
000013_00@th.jpg,m.0w2s5g0,2
000012_00@th.jpg,m.0w2s5g0,2
000033_00@th.jpg,m.0w2s5g0,2
000045_03@en.jpg,m.0w2s5g0,2
000030_00@th.jpg,m.0w2s5g0,2
000013_03@en.jpg,m.0w2s5g0,2
000054_01@en.jpg,m.0w2s5g0,2
000013_02@en.jpg,m.0w2s5g0,2
000018_00@en.jpg,m.0w2s5g0,2
000003_00@en.jpg,m.0w2s5g0,2
000038_02@th.jpg,m.0w2s5g0,2
000007_00@en.jpg,m.05gkps,2
000003_00@pt.jpg,m.05gkps,2
000000_00@ja.jpg,m.05gkps,2
000029_00@pt.jpg,m.05gkps,2
000004_00@en.jpg,m.05gkps,2
000015_00@pt.jpg,m.05gkps,2
000011_00@en.jpg,m.05gkps,2
000000_00@en.jpg,m.05gkps,2
000005_00@ja.jpg,m.05gkps,2
000022_00@pt.jpg,m.05gkps,2
000031_00@pt.jpg,m.05gkps,2
000000_00@pt.jpg,m.05gkps,2
000001_00@ja.jpg,m.05gkps,2
000011_00@pt.jpg,m.05gkps,2
000000_00@de.jpg,m.05gkps,2
000002_00@de.jpg,m.05gkps,2
000031_00@en.jpg,m.05gkps,2
000014_00@en.jpg,m.05gkps,2
000018_00@de.jpg,m.05gkps,2
000031_00@de.jpg,m.05gkps,2
000019_02@de.jpg,m.05gkps,2
000006_00@ja.jpg,m.05gkps,2
000020_00@pt.jpg,m.05gkps,2
000001_00@pt.jpg,m.05gkps,2
000009_02@pt.jpg,m.05gkps,2
000015_00@de.jpg,m.05gkps,2
000025_01@en.jpg,m.05gkps,2
000033_00@de.jpg,m.05gkps,2
000017_02@de.jpg,m.05gkps,2
000022_00@de.jpg,m.05gkps,2
000026_00@en.jpg,m.05gkps,2
000005_00@de.jpg,m.05gkps,2
000020_00@de.jpg,m.05gkps,2
000008_00@pt.jpg,m.05gkps,2
000021_00@de.jpg,m.05gkps,2
000030_00@en.jpg,m.05gkps,2
000010_01@ja.jpg,m.05gkps,2
000004_00@de.jpg,m.05gkps,2
000028_00@de.jpg,m.05gkps,2
000010_00@pt.jpg,m.05gkps,2
000025_01@de.jpg,m.05gkps,2
000030_00@de.jpg,m.05gkps,2
000002_00@pt.jpg,m.05gkps,2
000019_00@pt.jpg,m.05gkps,2
000027_00@pt.jpg,m.05gkps,2
000000_01@ja.jpg,m.05gkps,2
000001_00@en.jpg,m.05gkps,2
000016_02@en.jpg,m.05gkps,2
000004_01@pt.jpg,m.05gkps,2
000008_00@de.jpg,m.05gkps,2
000012_00@en.jpg,m.05gkps,2
000024_00@pt.jpg,m.05gkps,2
000006_00@de.jpg,m.05gkps,2
000002_00@en.jpg,m.05gkps,2
000016_00@de.jpg,m.05gkps,2
000022_00@en.jpg,m.05gkps,2
000018_00@en.jpg,m.05gkps,2
000003_00@ja.jpg,m.05gkps,2
000010_03@ja.jpg,m.05gkps,2
000004_00@pt.jpg,m.05gkps,2
9-FaceId-0_align.jpg,m.05k83kh,3
78-FaceId-0_align.jpg,m.05k83kh,3
47-FaceId-0_align.jpg,m.05k83kh,3
94-FaceId-0_align.jpg,m.05k83kh,3
48-FaceId-0_align.jpg,m.05k83kh,3
62-FaceId-0_align.jpg,m.05k83kh,3
6-FaceId-0_align.jpg,m.05k83kh,3
87-FaceId-0_align.jpg,m.05k83kh,3
99-FaceId-0_align.jpg,m.05k83kh,3
101-FaceId-0_align.jpg,m.05k83kh,3
72-FaceId-0_align.jpg,m.05k83kh,3
49-FaceId-0_align.jpg,m.05k83kh,3
69-FaceId-0_align.jpg,m.05k83kh,3
3-FaceId-0_align.jpg,m.05k83kh,3
63-FaceId-0_align.jpg,m.05k83kh,3
92-FaceId-0_align.jpg,m.05k83kh,3
70-FaceId-0_align.jpg,m.05k83kh,3
106-FaceId-0_align.jpg,m.05k83kh,3
80-FaceId-1_align.jpg,m.05k83kh,3
27-FaceId-0_align.jpg,m.05k83kh,3
19-FaceId-0_align.jpg,m.05k83kh,3
55-FaceId-0_align.jpg,m.05k83kh,3
29-FaceId-0_align.jpg,m.05k83kh,3
52-FaceId-0_align.jpg,m.05k83kh,3
76-FaceId-0_align.jpg,m.05k83kh,3
39-FaceId-0_align.jpg,m.05k83kh,3
90-FaceId-0_align.jpg,m.05k83kh,3
31-FaceId-0_align.jpg,m.05k83kh,3
116-FaceId-0_align.jpg,m.05k83kh,3
122-FaceId-0_align.jpg,m.05k83kh,3
50-FaceId-0_align.jpg,m.05k83kh,3
109-FaceId-0_align.jpg,m.05k83kh,3
74-FaceId-0_align.jpg,m.05k83kh,3
41-FaceId-0_align.jpg,m.05k83kh,3
118-FaceId-0_align.jpg,m.05k83kh,3
124-FaceId-0_align.jpg,m.05k83kh,3
89-FaceId-0_align.jpg,m.05k83kh,3
5-FaceId-0_align.jpg,m.05k83kh,3
66-FaceId-0_align.jpg,m.05k83kh,3
12-FaceId-0_align.jpg,m.05k83kh,3
86-FaceId-0_align.jpg,m.05k83kh,3
117-FaceId-0_align.jpg,m.05k83kh,3
18-FaceId-0_align.jpg,m.05k83kh,3
97-FaceId-0_align.jpg,m.05k83kh,3
77-FaceId-0_align.jpg,m.05k83kh,3
11-FaceId-0_align.jpg,m.05k83kh,3
22-FaceId-0_align.jpg,m.05k83kh,3
37-FaceId-0_align.jpg,m.05k83kh,3
21-FaceId-0_align.jpg,m.05k83kh,3
38-FaceId-0_align.jpg,m.05k83kh,3
42-FaceId-0_align.jpg,m.05k83kh,3
25-FaceId-0_align.jpg,m.05k83kh,3
44-FaceId-0_align.jpg,m.05k83kh,3
113-FaceId-0_align.jpg,m.05k83kh,3
43-FaceId-0_align.jpg,m.05k83kh,3
115-FaceId-0_align.jpg,m.05k83kh,3
79-FaceId-0_align.jpg,m.05k83kh,3
83-FaceId-0_align.jpg,m.05k83kh,3
4-FaceId-0_align.jpg,m.05k83kh,3
88-FaceId-0_align.jpg,m.05k83kh,3
82-FaceId-0_align.jpg,m.0c2rr7,3
62-FaceId-0_align.jpg,m.0c2rr7,3
19-FaceId-0_align.jpg,m.0c2rr7,3
49-FaceId-0_align.jpg,m.0c2rr7,3
71-FaceId-0_align.jpg,m.0c2rr7,3
24-FaceId-0_align.jpg,m.0c2rr7,3
94-FaceId-0_align.jpg,m.0c2rr7,3
13-FaceId-0_align.jpg,m.0c2rr7,3
84-FaceId-0_align.jpg,m.0c2rr7,3
32-FaceId-0_align.jpg,m.0c2rr7,3
108-FaceId-0_align.jpg,m.0c2rr7,3
44-FaceId-0_align.jpg,m.0c2rr7,3
33-FaceId-0_align.jpg,m.0c2rr7,3
92-FaceId-0_align.jpg,m.0c2rr7,3
100-FaceId-0_align.jpg,m.0c2rr7,3
8-FaceId-0_align.jpg,m.0c2rr7,3
63-FaceId-0_align.jpg,m.0c2rr7,3
56-FaceId-0_align.jpg,m.0c2rr7,3
103-FaceId-1_align.jpg,m.0c2rr7,3
36-FaceId-0_align.jpg,m.0c2rr7,3
52-FaceId-0_align.jpg,m.0c2rr7,3
86-FaceId-0_align.jpg,m.0c2rr7,3
42-FaceId-0_align.jpg,m.0c2rr7,3
16-FaceId-0_align.jpg,m.0c2rr7,3
37-FaceId-0_align.jpg,m.0c2rr7,3
23-FaceId-0_align.jpg,m.0c2rr7,3
58-FaceId-0_align.jpg,m.0c2rr7,3
18-FaceId-0_align.jpg,m.0c2rr7,3
87-FaceId-0_align.jpg,m.0c2rr7,3
17-FaceId-0_align.jpg,m.0c2rr7,3
25-FaceId-0_align.jpg,m.0c2rr7,3
43-FaceId-0_align.jpg,m.0c2rr7,3
31-FaceId-0_align.jpg,m.0c2rr7,3
68-FaceId-0_align.jpg,m.0c2rr7,3
6-FaceId-0_align.jpg,m.0c2rr7,3
111-FaceId-0_align.jpg,m.0c2rr7,3
50-FaceId-0_align.jpg,m.0c2rr7,3
39-FaceId-0_align.jpg,m.0c2rr7,3
26-FaceId-0_align.jpg,m.0c2rr7,3
51-FaceId-0_align.jpg,m.0c2rr7,3
95-FaceId-0_align.jpg,m.0c2rr7,3
72-FaceId-0_align.jpg,m.0c2rr7,3
12-FaceId-0_align.jpg,m.0c2rr7,3
9-FaceId-0_align.jpg,m.0c2rr7,3
99-FaceId-0_align.jpg,m.0c2rr7,3
96-FaceId-0_align.jpg,m.0c2rr7,3
89-FaceId-0_align.jpg,m.0c2rr7,3
109-FaceId-0_align.jpg,m.0c2rr7,3
10-FaceId-0_align.jpg,m.0c2rr7,3
80-FaceId-0_align.jpg,m.0c2rr7,3
5-FaceId-0_align.jpg,m.0c2rr7,3
20-FaceId-0_align.jpg,m.0c2rr7,3
22-FaceId-0_align.jpg,m.0c2rr7,3
31-FaceId-1_align.jpg,m.0c2rr7,3
55-FaceId-0_align.jpg,m.0c2rr7,3
42-FaceId-1_align.jpg,m.0c2rr7,3
75-FaceId-0_align.jpg,m.0c2rr7,3
91-FaceId-0_align.jpg,m.0c2rr7,3
48-FaceId-0_align.jpg,m.0c2rr7,3
85-FaceId-0_align.jpg,m.0c2rr7,3
20-FaceId-0_align.jpg,m.05f2xm5,3
3-FaceId-0_align.jpg,m.05f2xm5,3
102-FaceId-0_align.jpg,m.05f2xm5,3
15-FaceId-0_align.jpg,m.05f2xm5,3
89-FaceId-0_align.jpg,m.05f2xm5,3
48-FaceId-0_align.jpg,m.05f2xm5,3
19-FaceId-0_align.jpg,m.05f2xm5,3
12-FaceId-0_align.jpg,m.05f2xm5,3
82-FaceId-0_align.jpg,m.05f2xm5,3
98-FaceId-0_align.jpg,m.05f2xm5,3
0-FaceId-0_align.jpg,m.05f2xm5,3
32-FaceId-0_align.jpg,m.05f2xm5,3
75-FaceId-0_align.jpg,m.05f2xm5,3
71-FaceId-0_align.jpg,m.05f2xm5,3
93-FaceId-0_align.jpg,m.05f2xm5,3
38-FaceId-0_align.jpg,m.05f2xm5,3
84-FaceId-0_align.jpg,m.05f2xm5,3
67-FaceId-0_align.jpg,m.05f2xm5,3
90-FaceId-0_align.jpg,m.05f2xm5,3
97-FaceId-0_align.jpg,m.05f2xm5,3
52-FaceId-0_align.jpg,m.05f2xm5,3
55-FaceId-0_align.jpg,m.05f2xm5,3
42-FaceId-0_align.jpg,m.05f2xm5,3
28-FaceId-0_align.jpg,m.05f2xm5,3
39-FaceId-0_align.jpg,m.05f2xm5,3
100-FaceId-0_align.jpg,m.05f2xm5,3
65-FaceId-0_align.jpg,m.05f2xm5,3
60-FaceId-0_align.jpg,m.05f2xm5,3
9-FaceId-0_align.jpg,m.05f2xm5,3
79-FaceId-0_align.jpg,m.05f2xm5,3
63-FaceId-0_align.jpg,m.05f2xm5,3
53-FaceId-0_align.jpg,m.05f2xm5,3
77-FaceId-0_align.jpg,m.05f2xm5,3
54-FaceId-0_align.jpg,m.05f2xm5,3
44-FaceId-0_align.jpg,m.05f2xm5,3
81-FaceId-0_align.jpg,m.05f2xm5,3
18-FaceId-0_align.jpg,m.05f2xm5,3
22-FaceId-0_align.jpg,m.05f2xm5,3
4-FaceId-0_align.jpg,m.05f2xm5,3
73-FaceId-0_align.jpg,m.05f2xm5,3
6-FaceId-0_align.jpg,m.05f2xm5,3
83-FaceId-0_align.jpg,m.05f2xm5,3
69-FaceId-0_align.jpg,m.05f2xm5,3
80-FaceId-0_align.jpg,m.05f2xm5,3
2-FaceId-0_align.jpg,m.05f2xm5,3
34-FaceId-0_align.jpg,m.05f2xm5,3
11-FaceId-0_align.jpg,m.05f2xm5,3
35-FaceId-0_align.jpg,m.05f2xm5,3
5-FaceId-0_align.jpg,m.05f2xm5,3
58-FaceId-0_align.jpg,m.05f2xm5,3
47-FaceId-0_align.jpg,m.05f2xm5,3
86-FaceId-0_align.jpg,m.05f2xm5,3
51-FaceId-0_align.jpg,m.05f2xm5,3
24-FaceId-0_align.jpg,m.05f2xm5,3
91-FaceId-0_align.jpg,m.05f2xm5,3
43-FaceId-0_align.jpg,m.05f2xm5,3
57-FaceId-0_align.jpg,m.05f2xm5,3
94-FaceId-0_align.jpg,m.05f2xm5,3
68-FaceId-0_align.jpg,m.05f2xm5,3
61-FaceId-0_align.jpg,m.05f2xm5,3
47-FaceId-0_align.jpg,m.06s7rd,3
62-FaceId-0_align.jpg,m.06s7rd,3
25-FaceId-0_align.jpg,m.06s7rd,3
31-FaceId-0_align.jpg,m.06s7rd,3
35-FaceId-0_align.jpg,m.06s7rd,3
67-FaceId-0_align.jpg,m.06s7rd,3
111-FaceId-0_align.jpg,m.06s7rd,3
17-FaceId-0_align.jpg,m.06s7rd,3
6-FaceId-0_align.jpg,m.06s7rd,3
61-FaceId-0_align.jpg,m.06s7rd,3
74-FaceId-0_align.jpg,m.06s7rd,3
71-FaceId-0_align.jpg,m.06s7rd,3
95-FaceId-0_align.jpg,m.06s7rd,3
99-FaceId-0_align.jpg,m.06s7rd,3
110-FaceId-0_align.jpg,m.06s7rd,3
79-FaceId-0_align.jpg,m.06s7rd,3
33-FaceId-0_align.jpg,m.06s7rd,3
58-FaceId-0_align.jpg,m.06s7rd,3
50-FaceId-0_align.jpg,m.06s7rd,3
18-FaceId-0_align.jpg,m.06s7rd,3
112-FaceId-1_align.jpg,m.06s7rd,3
36-FaceId-0_align.jpg,m.06s7rd,3
75-FaceId-0_align.jpg,m.06s7rd,3
69-FaceId-0_align.jpg,m.06s7rd,3
12-FaceId-0_align.jpg,m.06s7rd,3
38-FaceId-0_align.jpg,m.06s7rd,3
78-FaceId-0_align.jpg,m.06s7rd,3
106-FaceId-0_align.jpg,m.06s7rd,3
76-FaceId-0_align.jpg,m.06s7rd,3
39-FaceId-0_align.jpg,m.06s7rd,3
23-FaceId-0_align.jpg,m.06s7rd,3
8-FaceId-0_align.jpg,m.06s7rd,3
37-FaceId-0_align.jpg,m.06s7rd,3
26-FaceId-0_align.jpg,m.06s7rd,3
77-FaceId-0_align.jpg,m.06s7rd,3
28-FaceId-0_align.jpg,m.06s7rd,3
21-FaceId-0_align.jpg,m.06s7rd,3
107-FaceId-0_align.jpg,m.06s7rd,3
1-FaceId-0_align.jpg,m.06s7rd,3
56-FaceId-0_align.jpg,m.06s7rd,3
87-FaceId-0_align.jpg,m.06s7rd,3
48-FaceId-0_align.jpg,m.06s7rd,3
53-FaceId-0_align.jpg,m.06s7rd,3
43-FaceId-0_align.jpg,m.06s7rd,3
85-FaceId-0_align.jpg,m.06s7rd,3
19-FaceId-0_align.jpg,m.06s7rd,3
92-FaceId-0_align.jpg,m.06s7rd,3
5-FaceId-0_align.jpg,m.06s7rd,3
59-FaceId-0_align.jpg,m.06s7rd,3
46-FaceId-0_align.jpg,m.06s7rd,3
44-FaceId-0_align.jpg,m.06s7rd,3
100-FaceId-0_align.jpg,m.06s7rd,3
113-FaceId-0_align.jpg,m.06s7rd,3
101-FaceId-0_align.jpg,m.06s7rd,3
4-FaceId-0_align.jpg,m.06s7rd,3
98-FaceId-0_align.jpg,m.06s7rd,3
0-FaceId-0_align.jpg,m.06s7rd,3
83-FaceId-0_align.jpg,m.06s7rd,3
114-FaceId-0_align.jpg,m.06s7rd,3
68-FaceId-0_align.jpg,m.06s7rd,3
62-FaceId-0_align.jpg,m.051_m1f,3
42-FaceId-0_align.jpg,m.051_m1f,3
6-FaceId-0_align.jpg,m.051_m1f,3
64-FaceId-0_align.jpg,m.051_m1f,3
87-FaceId-0_align.jpg,m.051_m1f,3
70-FaceId-0_align.jpg,m.051_m1f,3
74-FaceId-0_align.jpg,m.051_m1f,3
38-FaceId-0_align.jpg,m.051_m1f,3
22-FaceId-0_align.jpg,m.051_m1f,3
8-FaceId-0_align.jpg,m.051_m1f,3
79-FaceId-0_align.jpg,m.051_m1f,3
95-FaceId-0_align.jpg,m.051_m1f,3
71-FaceId-0_align.jpg,m.051_m1f,3
72-FaceId-0_align.jpg,m.051_m1f,3
33-FaceId-0_align.jpg,m.051_m1f,3
77-FaceId-0_align.jpg,m.051_m1f,3
99-FaceId-0_align.jpg,m.051_m1f,3
21-FaceId-0_align.jpg,m.051_m1f,3
78-FaceId-0_align.jpg,m.051_m1f,3
84-FaceId-0_align.jpg,m.051_m1f,3
68-FaceId-0_align.jpg,m.051_m1f,3
19-FaceId-0_align.jpg,m.051_m1f,3
76-FaceId-0_align.jpg,m.051_m1f,3
83-FaceId-1_align.jpg,m.051_m1f,3
29-FaceId-0_align.jpg,m.051_m1f,3
3-FaceId-0_align.jpg,m.051_m1f,3
1-FaceId-0_align.jpg,m.051_m1f,3
63-FaceId-0_align.jpg,m.051_m1f,3
27-FaceId-0_align.jpg,m.051_m1f,3
94-FaceId-0_align.jpg,m.051_m1f,3
59-FaceId-0_align.jpg,m.051_m1f,3
93-FaceId-0_align.jpg,m.051_m1f,3
49-FaceId-0_align.jpg,m.051_m1f,3
47-FaceId-0_align.jpg,m.051_m1f,3
16-FaceId-0_align.jpg,m.051_m1f,3
32-FaceId-0_align.jpg,m.051_m1f,3
69-FaceId-0_align.jpg,m.051_m1f,3
60-FaceId-0_align.jpg,m.051_m1f,3
13-FaceId-0_align.jpg,m.051_m1f,3
58-FaceId-0_align.jpg,m.051_m1f,3
37-FaceId-0_align.jpg,m.051_m1f,3
66-FaceId-0_align.jpg,m.051_m1f,3
2-FaceId-0_align.jpg,m.051_m1f,3
39-FaceId-0_align.jpg,m.051_m1f,3
11-FaceId-0_align.jpg,m.051_m1f,3
25-FaceId-0_align.jpg,m.051_m1f,3
45-FaceId-0_align.jpg,m.051_m1f,3
23-FaceId-1_align.jpg,m.051_m1f,3
89-FaceId-1_align.jpg,m.051_m1f,3
35-FaceId-0_align.jpg,m.051_m1f,3
82-FaceId-1_align.jpg,m.051_m1f,3
57-FaceId-0_align.jpg,m.051_m1f,3
7-FaceId-0_align.jpg,m.051_m1f,3
85-FaceId-0_align.jpg,m.051_m1f,3
67-FaceId-0_align.jpg,m.051_m1f,3
31-FaceId-0_align.jpg,m.051_m1f,3
5-FaceId-0_align.jpg,m.051_m1f,3
12-FaceId-0_align.jpg,m.051_m1f,3
54-FaceId-0_align.jpg,m.051_m1f,3
56-FaceId-0_align.jpg,m.051_m1f,3
86-FaceId-0_align.jpg,m.027c49,3
53-FaceId-0_align.jpg,m.027c49,3
62-FaceId-0_align.jpg,m.027c49,3
6-FaceId-0_align.jpg,m.027c49,3
99-FaceId-0_align.jpg,m.027c49,3
98-FaceId-0_align.jpg,m.027c49,3
77-FaceId-0_align.jpg,m.027c49,3
12-FaceId-0_align.jpg,m.027c49,3
88-FaceId-0_align.jpg,m.027c49,3
74-FaceId-0_align.jpg,m.027c49,3
55-FaceId-0_align.jpg,m.027c49,3
51-FaceId-0_align.jpg,m.027c49,3
75-FaceId-0_align.jpg,m.027c49,3
71-FaceId-0_align.jpg,m.027c49,3
93-FaceId-0_align.jpg,m.027c49,3
82-FaceId-0_align.jpg,m.027c49,3
42-FaceId-0_align.jpg,m.027c49,3
14-FaceId-0_align.jpg,m.027c49,3
16-FaceId-0_align.jpg,m.027c49,3
32-FaceId-0_align.jpg,m.027c49,3
94-FaceId-0_align.jpg,m.027c49,3
85-FaceId-0_align.jpg,m.027c49,3
31-FaceId-0_align.jpg,m.027c49,3
25-FaceId-0_align.jpg,m.027c49,3
83-FaceId-0_align.jpg,m.027c49,3
67-FaceId-0_align.jpg,m.027c49,3
100-FaceId-0_align.jpg,m.027c49,3
10-FaceId-0_align.jpg,m.027c49,3
60-FaceId-0_align.jpg,m.027c49,3
38-FaceId-0_align.jpg,m.027c49,3
4-FaceId-0_align.jpg,m.027c49,3
15-FaceId-0_align.jpg,m.027c49,3
95-FaceId-0_align.jpg,m.027c49,3
61-FaceId-0_align.jpg,m.027c49,3
59-FaceId-0_align.jpg,m.027c49,3
49-FaceId-0_align.jpg,m.027c49,3
81-FaceId-0_align.jpg,m.027c49,3
18-FaceId-0_align.jpg,m.027c49,3
87-FaceId-0_align.jpg,m.027c49,3
17-FaceId-0_align.jpg,m.027c49,3
63-FaceId-0_align.jpg,m.027c49,3
76-FaceId-0_align.jpg,m.027c49,3
26-FaceId-0_align.jpg,m.027c49,3
79-FaceId-0_align.jpg,m.027c49,3
105-FaceId-0_align.jpg,m.027c49,3
80-FaceId-0_align.jpg,m.027c49,3
11-FaceId-0_align.jpg,m.027c49,3
57-FaceId-0_align.jpg,m.027c49,3
84-FaceId-0_align.jpg,m.027c49,3
40-FaceId-0_align.jpg,m.027c49,3
78-FaceId-0_align.jpg,m.027c49,3
58-FaceId-0_align.jpg,m.027c49,3
24-FaceId-0_align.jpg,m.027c49,3
50-FaceId-0_align.jpg,m.027c49,3
41-FaceId-0_align.jpg,m.027c49,3
34-FaceId-0_align.jpg,m.027c49,3
7-FaceId-0_align.jpg,m.027c49,3
73-FaceId-0_align.jpg,m.027c49,3
8-FaceId-0_align.jpg,m.027c49,3
39-FaceId-0_align.jpg,m.027c49,3
100-FaceId-0_align.jpg,m.0b_5kg,3
96-FaceId-0_align.jpg,m.0b_5kg,3
56-FaceId-0_align.jpg,m.0b_5kg,3
20-FaceId-0_align.jpg,m.0b_5kg,3
49-FaceId-0_align.jpg,m.0b_5kg,3
33-FaceId-0_align.jpg,m.0b_5kg,3
80-FaceId-0_align.jpg,m.0b_5kg,3
69-FaceId-0_align.jpg,m.0b_5kg,3
102-FaceId-0_align.jpg,m.0b_5kg,3
52-FaceId-0_align.jpg,m.0b_5kg,3
76-FaceId-0_align.jpg,m.0b_5kg,3
47-FaceId-0_align.jpg,m.0b_5kg,3
12-FaceId-0_align.jpg,m.0b_5kg,3
72-FaceId-0_align.jpg,m.0b_5kg,3
81-FaceId-0_align.jpg,m.0b_5kg,3
67-FaceId-0_align.jpg,m.0b_5kg,3
29-FaceId-1_align.jpg,m.0b_5kg,3
77-FaceId-0_align.jpg,m.0b_5kg,3
45-FaceId-0_align.jpg,m.0b_5kg,3
110-FaceId-0_align.jpg,m.0b_5kg,3
64-FaceId-0_align.jpg,m.0b_5kg,3
61-FaceId-2_align.jpg,m.0b_5kg,3
51-FaceId-0_align.jpg,m.0b_5kg,3
28-FaceId-0_align.jpg,m.0b_5kg,3
3-FaceId-0_align.jpg,m.0b_5kg,3
31-FaceId-0_align.jpg,m.0b_5kg,3
92-FaceId-0_align.jpg,m.0b_5kg,3
94-FaceId-0_align.jpg,m.0b_5kg,3
9-FaceId-0_align.jpg,m.0b_5kg,3
78-FaceId-0_align.jpg,m.0b_5kg,3
57-FaceId-0_align.jpg,m.0b_5kg,3
35-FaceId-0_align.jpg,m.0b_5kg,3
90-FaceId-0_align.jpg,m.0b_5kg,3
84-FaceId-0_align.jpg,m.0b_5kg,3
79-FaceId-0_align.jpg,m.0b_5kg,3
36-FaceId-0_align.jpg,m.0b_5kg,3
44-FaceId-0_align.jpg,m.0b_5kg,3
22-FaceId-0_align.jpg,m.0b_5kg,3
4-FaceId-0_align.jpg,m.0b_5kg,3
27-FaceId-0_align.jpg,m.0b_5kg,3
89-FaceId-0_align.jpg,m.0b_5kg,3
30-FaceId-0_align.jpg,m.0b_5kg,3
91-FaceId-0_align.jpg,m.0b_5kg,3
71-FaceId-0_align.jpg,m.0b_5kg,3
50-FaceId-0_align.jpg,m.0b_5kg,3
107-FaceId-0_align.jpg,m.0b_5kg,3
10-FaceId-0_align.jpg,m.0b_5kg,3
97-FaceId-0_align.jpg,m.0b_5kg,3
7-FaceId-0_align.jpg,m.0b_5kg,3
11-FaceId-0_align.jpg,m.0b_5kg,3
87-FaceId-0_align.jpg,m.0b_5kg,3
59-FaceId-0_align.jpg,m.0b_5kg,3
21-FaceId-0_align.jpg,m.0b_5kg,3
55-FaceId-1_align.jpg,m.0b_5kg,3
42-FaceId-0_align.jpg,m.0b_5kg,3
15-FaceId-0_align.jpg,m.0b_5kg,3
54-FaceId-0_align.jpg,m.0b_5kg,3
0-FaceId-0_align.jpg,m.0b_5kg,3
5-FaceId-0_align.jpg,m.0b_5kg,3
43-FaceId-0_align.jpg,m.0b_5kg,3
110-FaceId-0_align.jpg,m.01rjfj,3
62-FaceId-0_align.jpg,m.01rjfj,3
116-FaceId-0_align.jpg,m.01rjfj,3
117-FaceId-0_align.jpg,m.01rjfj,3
32-FaceId-0_align.jpg,m.01rjfj,3
60-FaceId-0_align.jpg,m.01rjfj,3
94-FaceId-0_align.jpg,m.01rjfj,3
61-FaceId-0_align.jpg,m.01rjfj,3
84-FaceId-0_align.jpg,m.01rjfj,3
23-FaceId-0_align.jpg,m.01rjfj,3
36-FaceId-0_align.jpg,m.01rjfj,3
8-FaceId-0_align.jpg,m.01rjfj,3
79-FaceId-0_align.jpg,m.01rjfj,3
88-FaceId-0_align.jpg,m.01rjfj,3
15-FaceId-0_align.jpg,m.01rjfj,3
66-FaceId-0_align.jpg,m.01rjfj,3
64-FaceId-0_align.jpg,m.01rjfj,3
63-FaceId-0_align.jpg,m.01rjfj,3
93-FaceId-0_align.jpg,m.01rjfj,3
16-FaceId-0_align.jpg,m.01rjfj,3
97-FaceId-0_align.jpg,m.01rjfj,3
44-FaceId-0_align.jpg,m.01rjfj,3
17-FaceId-0_align.jpg,m.01rjfj,3
82-FaceId-0_align.jpg,m.01rjfj,3
52-FaceId-0_align.jpg,m.01rjfj,3
50-FaceId-0_align.jpg,m.01rjfj,3
42-FaceId-0_align.jpg,m.01rjfj,3
45-FaceId-0_align.jpg,m.01rjfj,3
54-FaceId-0_align.jpg,m.01rjfj,3
69-FaceId-0_align.jpg,m.01rjfj,3
83-FaceId-0_align.jpg,m.01rjfj,3
43-FaceId-0_align.jpg,m.01rjfj,3
111-FaceId-0_align.jpg,m.01rjfj,3
56-FaceId-0_align.jpg,m.01rjfj,3
31-FaceId-0_align.jpg,m.01rjfj,3
96-FaceId-0_align.jpg,m.01rjfj,3
6-FaceId-0_align.jpg,m.01rjfj,3
77-FaceId-0_align.jpg,m.01rjfj,3
33-FaceId-0_align.jpg,m.01rjfj,3
34-FaceId-0_align.jpg,m.01rjfj,3
68-FaceId-0_align.jpg,m.01rjfj,3
51-FaceId-0_align.jpg,m.01rjfj,3
80-FaceId-0_align.jpg,m.01rjfj,3
72-FaceId-0_align.jpg,m.01rjfj,3
101-FaceId-0_align.jpg,m.01rjfj,3
4-FaceId-0_align.jpg,m.01rjfj,3
99-FaceId-0_align.jpg,m.01rjfj,3
40-FaceId-0_align.jpg,m.01rjfj,3
21-FaceId-0_align.jpg,m.01rjfj,3
9-FaceId-0_align.jpg,m.01rjfj,3
3-FaceId-0_align.jpg,m.01rjfj,3
28-FaceId-0_align.jpg,m.01rjfj,3
75-FaceId-0_align.jpg,m.01rjfj,3
26-FaceId-0_align.jpg,m.01rjfj,3
20-FaceId-0_align.jpg,m.01rjfj,3
12-FaceId-0_align.jpg,m.01rjfj,3
47-FaceId-0_align.jpg,m.01rjfj,3
55-FaceId-0_align.jpg,m.01rjfj,3
24-FaceId-0_align.jpg,m.01rjfj,3
78-FaceId-0_align.jpg,m.01rjfj,3
62-FaceId-0_align.jpg,m.04w3p_,3
31-FaceId-0_align.jpg,m.04w3p_,3
35-FaceId-0_align.jpg,m.04w3p_,3
96-FaceId-1_align.jpg,m.04w3p_,3
67-FaceId-0_align.jpg,m.04w3p_,3
53-FaceId-0_align.jpg,m.04w3p_,3
8-FaceId-0_align.jpg,m.04w3p_,3
86-FaceId-0_align.jpg,m.04w3p_,3
77-FaceId-0_align.jpg,m.04w3p_,3
15-FaceId-0_align.jpg,m.04w3p_,3
26-FaceId-0_align.jpg,m.04w3p_,3
20-FaceId-0_align.jpg,m.04w3p_,3
34-FaceId-0_align.jpg,m.04w3p_,3
42-FaceId-0_align.jpg,m.04w3p_,3
73-FaceId-0_align.jpg,m.04w3p_,3
24-FaceId-0_align.jpg,m.04w3p_,3
51-FaceId-0_align.jpg,m.04w3p_,3
97-FaceId-0_align.jpg,m.04w3p_,3
6-FaceId-0_align.jpg,m.04w3p_,3
21-FaceId-0_align.jpg,m.04w3p_,3
90-FaceId-0_align.jpg,m.04w3p_,3
81-FaceId-0_align.jpg,m.04w3p_,3
40-FaceId-0_align.jpg,m.04w3p_,3
70-FaceId-0_align.jpg,m.04w3p_,3
69-FaceId-0_align.jpg,m.04w3p_,3
98-FaceId-0_align.jpg,m.04w3p_,3
57-FaceId-0_align.jpg,m.04w3p_,3
85-FaceId-0_align.jpg,m.04w3p_,3
74-FaceId-0_align.jpg,m.04w3p_,3
41-FaceId-0_align.jpg,m.04w3p_,3
58-FaceId-0_align.jpg,m.04w3p_,3
16-FaceId-0_align.jpg,m.04w3p_,3
79-FaceId-0_align.jpg,m.04w3p_,3
64-FaceId-0_align.jpg,m.04w3p_,3
28-FaceId-0_align.jpg,m.04w3p_,3
61-FaceId-0_align.jpg,m.04w3p_,3
45-FaceId-0_align.jpg,m.04w3p_,3
63-FaceId-0_align.jpg,m.04w3p_,3
30-FaceId-0_align.jpg,m.04w3p_,3
75-FaceId-0_align.jpg,m.04w3p_,3
36-FaceId-0_align.jpg,m.04w3p_,3
38-FaceId-0_align.jpg,m.04w3p_,3
2-FaceId-0_align.jpg,m.04w3p_,3
27-FaceId-0_align.jpg,m.04w3p_,3
11-FaceId-0_align.jpg,m.04w3p_,3
55-FaceId-1_align.jpg,m.04w3p_,3
68-FaceId-0_align.jpg,m.04w3p_,3
5-FaceId-0_align.jpg,m.04w3p_,3
54-FaceId-0_align.jpg,m.04w3p_,3
50-FaceId-0_align.jpg,m.04w3p_,3
22-FaceId-0_align.jpg,m.04w3p_,3
44-FaceId-0_align.jpg,m.04w3p_,3
47-FaceId-0_align.jpg,m.04w3p_,3
43-FaceId-0_align.jpg,m.04w3p_,3
49-FaceId-0_align.jpg,m.04w3p_,3
32-FaceId-0_align.jpg,m.04w3p_,3
76-FaceId-0_align.jpg,m.04w3p_,3
39-FaceId-0_align.jpg,m.04w3p_,3
4-FaceId-0_align.jpg,m.04w3p_,3
60-FaceId-0_align.jpg,m.04w3p_,3
109-FaceId-0_align.jpg,m.0dzvgs,3
107-FaceId-0_align.jpg,m.0dzvgs,3
75-FaceId-0_align.jpg,m.0dzvgs,3
96-FaceId-0_align.jpg,m.0dzvgs,3
102-FaceId-0_align.jpg,m.0dzvgs,3
34-FaceId-0_align.jpg,m.0dzvgs,3
64-FaceId-0_align.jpg,m.0dzvgs,3
25-FaceId-0_align.jpg,m.0dzvgs,3
97-FaceId-0_align.jpg,m.0dzvgs,3
9-FaceId-0_align.jpg,m.0dzvgs,3
10-FaceId-0_align.jpg,m.0dzvgs,3
54-FaceId-0_align.jpg,m.0dzvgs,3
85-FaceId-0_align.jpg,m.0dzvgs,3
15-FaceId-0_align.jpg,m.0dzvgs,3
51-FaceId-0_align.jpg,m.0dzvgs,3
89-FaceId-0_align.jpg,m.0dzvgs,3
77-FaceId-0_align.jpg,m.0dzvgs,3
47-FaceId-0_align.jpg,m.0dzvgs,3
55-FaceId-0_align.jpg,m.0dzvgs,3
18-FaceId-0_align.jpg,m.0dzvgs,3
71-FaceId-0_align.jpg,m.0dzvgs,3
38-FaceId-0_align.jpg,m.0dzvgs,3
13-FaceId-0_align.jpg,m.0dzvgs,3
81-FaceId-0_align.jpg,m.0dzvgs,3
27-FaceId-0_align.jpg,m.0dzvgs,3
32-FaceId-0_align.jpg,m.0dzvgs,3
46-FaceId-0_align.jpg,m.0dzvgs,3
56-FaceId-0_align.jpg,m.0dzvgs,3
82-FaceId-0_align.jpg,m.0dzvgs,3
70-FaceId-0_align.jpg,m.0dzvgs,3
94-FaceId-0_align.jpg,m.0dzvgs,3
40-FaceId-0_align.jpg,m.0dzvgs,3
21-FaceId-0_align.jpg,m.0dzvgs,3
114-FaceId-0_align.jpg,m.0dzvgs,3
17-FaceId-0_align.jpg,m.0dzvgs,3
111-FaceId-0_align.jpg,m.0dzvgs,3
74-FaceId-0_align.jpg,m.0dzvgs,3
44-FaceId-0_align.jpg,m.0dzvgs,3
99-FaceId-0_align.jpg,m.0dzvgs,3
113-FaceId-0_align.jpg,m.0dzvgs,3
24-FaceId-0_align.jpg,m.0dzvgs,3
14-FaceId-0_align.jpg,m.0dzvgs,3
60-FaceId-0_align.jpg,m.0dzvgs,3
57-FaceId-0_align.jpg,m.0dzvgs,3
8-FaceId-0_align.jpg,m.0dzvgs,3
87-FaceId-0_align.jpg,m.0dzvgs,3
39-FaceId-0_align.jpg,m.0dzvgs,3
42-FaceId-0_align.jpg,m.0dzvgs,3
61-FaceId-0_align.jpg,m.0dzvgs,3
92-FaceId-0_align.jpg,m.0dzvgs,3
52-FaceId-0_align.jpg,m.0dzvgs,3
50-FaceId-0_align.jpg,m.0dzvgs,3
31-FaceId-0_align.jpg,m.0dzvgs,3
95-FaceId-0_align.jpg,m.0dzvgs,3
37-FaceId-0_align.jpg,m.0dzvgs,3
30-FaceId-0_align.jpg,m.0dzvgs,3
108-FaceId-0_align.jpg,m.0dzvgs,3
43-FaceId-0_align.jpg,m.0dzvgs,3
115-FaceId-0_align.jpg,m.0dzvgs,3
79-FaceId-0_align.jpg,m.0dzvgs,3
